,pais,ano,quant_kg,valor_us$,tipo
0,Afeganistão,2009,0,0,Vinhos de mesa
1,África do Sul,2009,0,0,Vinhos de mesa
2,"Alemanha, República Democrática",2009,225086,393482,Vinhos de mesa
3,Angola,2009,54786,84235,Vinhos de mesa
4,Anguilla,2009,0,0,Vinhos de mesa
5,Antígua e Barbuda,2009,0,0,Vinhos de mesa
6,Antilhas Holandesas,2009,8235,10651,Vinhos de mesa
7,Arábia Saudita,2009,0,0,Vinhos de mesa
8,Argentina,2009,162,4523,Vinhos de mesa
9,Aruba,2009,0,0,Vinhos de mesa
10,Austrália,2009,1014,9195,Vinhos de mesa
11,Áustria,2009,0,0,Vinhos de mesa
12,Bahamas,2009,0,0,Vinhos de mesa
13,Bangladesh,2009,0,0,Vinhos de mesa
14,Barbados,2009,0,0,Vinhos de mesa
15,Barein,2009,0,0,Vinhos de mesa
16,Bélgica,2009,125962,58764,Vinhos de mesa
17,Belice,2009,0,0,Vinhos de mesa
18,Benin,2009,0,0,Vinhos de mesa
19,Bermudas,2009,0,0,Vinhos de mesa
20,Bolívia,2009,40463,20729,Vinhos de mesa
21,Bósnia-Herzegovina,2009,0,0,Vinhos de mesa
22,Brasil,2009,0,0,Vinhos de mesa
23,Bulgária,2009,0,0,Vinhos de mesa
24,Cabo Verde,2009,0,0,Vinhos de mesa
25,Camarões,2009,0,0,Vinhos de mesa
26,Canadá,2009,15664,73445,Vinhos de mesa
27,Catar,2009,0,0,Vinhos de mesa
28,"Cayman, Ilhas",2009,0,0,Vinhos de mesa
29,Chile,2009,1475,4297,Vinhos de mesa
30,China,2009,1553416,482400,Vinhos de mesa
31,Chipre,2009,0,0,Vinhos de mesa
32,Cingapura,2009,2419,6110,Vinhos de mesa
33,"Cocos (Keeling), Ilhas",2009,0,0,Vinhos de mesa
34,Colômbia,2009,0,0,Vinhos de mesa
35,Comores,2009,0,0,Vinhos de mesa
36,Congo,2009,0,0,Vinhos de mesa
37,"Coreia, Republica Sul",2009,0,0,Vinhos de mesa
38,Costa do Marfim,2009,0,0,Vinhos de mesa
39,Costa Rica,2009,0,0,Vinhos de mesa
40,Croácia,2009,0,0,Vinhos de mesa
41,Cuba,2009,0,0,Vinhos de mesa
42,Curaçao,2009,0,0,Vinhos de mesa
43,Dinamarca,2009,1980,21780,Vinhos de mesa
44,Dominica,2009,0,0,Vinhos de mesa
45,El Salvador,2009,55,100,Vinhos de mesa
46,Emirados Arabes Unidos,2009,1398,4032,Vinhos de mesa
47,Equador,2009,0,0,Vinhos de mesa
48,"Eslovaca, Republica",2009,0,0,Vinhos de mesa
49,Espanha,2009,2181,4050,Vinhos de mesa
50,Estados Unidos,2009,372319,660066,Vinhos de mesa
51,Estônia,2009,5438,10802,Vinhos de mesa
52,Filipinas,2009,0,0,Vinhos de mesa
53,Finlândia,2009,0,0,Vinhos de mesa
54,França,2009,0,0,Vinhos de mesa
55,Gana,2009,0,0,Vinhos de mesa
56,Gibraltar,2009,0,0,Vinhos de mesa
57,Granada,2009,0,0,Vinhos de mesa
58,Grécia,2009,0,0,Vinhos de mesa
59,Guatemala,2009,20,20,Vinhos de mesa
60,Guiana,2009,0,0,Vinhos de mesa
61,Guiana Francesa,2009,0,0,Vinhos de mesa
62,Guine Bissau,2009,0,0,Vinhos de mesa
63,Guine Equatorial,2009,169,272,Vinhos de mesa
64,Haiti,2009,4500,5863,Vinhos de mesa
65,Honduras,2009,14,30,Vinhos de mesa
66,Hong Kong,2009,50319,27188,Vinhos de mesa
67,Hungria,2009,0,0,Vinhos de mesa
68,Ilha de Man,2009,0,0,Vinhos de mesa
69,Ilhas Virgens,2009,0,0,Vinhos de mesa
70,India,2009,0,0,Vinhos de mesa
71,Indonésia,2009,0,0,Vinhos de mesa
72,Irã,2009,0,0,Vinhos de mesa
73,Iraque,2009,0,0,Vinhos de mesa
74,Irlanda,2009,0,0,Vinhos de mesa
75,Itália,2009,1817,5251,Vinhos de mesa
76,Jamaica,2009,0,0,Vinhos de mesa
77,Japão,2009,217974,283436,Vinhos de mesa
78,Jordânia,2009,0,0,Vinhos de mesa
79,Letônia,2009,0,0,Vinhos de mesa
80,Líbano,2009,0,0,Vinhos de mesa
81,Libéria,2009,0,0,Vinhos de mesa
82,Luxemburgo,2009,7845,42124,Vinhos de mesa
83,Macau,2009,0,0,Vinhos de mesa
84,Malásia,2009,0,0,Vinhos de mesa
85,Malavi,2009,0,0,Vinhos de mesa
86,Malta,2009,0,0,Vinhos de mesa
87,"Marshall, Ilhas",2009,0,0,Vinhos de mesa
88,Martinica,2009,0,0,Vinhos de mesa
89,Mauritânia,2009,0,0,Vinhos de mesa
90,México,2009,0,0,Vinhos de mesa
91,Moçambique,2009,0,0,Vinhos de mesa
92,Montenegro,2009,0,0,Vinhos de mesa
93,Namíbia,2009,0,0,Vinhos de mesa
94,Nicarágua,2009,24,24,Vinhos de mesa
95,Nigéria,2009,41,115,Vinhos de mesa
96,Noruega,2009,0,0,Vinhos de mesa
97,Nova Caledônia,2009,0,0,Vinhos de mesa
98,Nova Zelândia,2009,0,0,Vinhos de mesa
99,Omã,2009,0,0,Vinhos de mesa
100,Países Baixos,2009,171654,136991,Vinhos de mesa
101,Palau,2009,0,0,Vinhos de mesa
102,Panamá,2009,24,30,Vinhos de mesa
103,Paraguai,2009,486927,392087,Vinhos de mesa
104,Peru,2009,0,0,Vinhos de mesa
105,Pitcairn,2009,0,0,Vinhos de mesa
106,Polônia,2009,6982,35797,Vinhos de mesa
107,Porto Rico,2009,0,0,Vinhos de mesa
108,Portugal,2009,141000,168923,Vinhos de mesa
109,Quênia,2009,0,0,Vinhos de mesa
110,Reino Unido,2009,30092,68788,Vinhos de mesa
111,República Dominicana,2009,0,0,Vinhos de mesa
112,Rússia,2009,21912914,5732280,Vinhos de mesa
113,São Cristóvão e Névis,2009,0,0,Vinhos de mesa
114,São Tomé e Príncipe,2009,0,0,Vinhos de mesa
115,São Vicente e Granadinas,2009,0,0,Vinhos de mesa
116,Senegal,2009,0,0,Vinhos de mesa
117,Serra Leoa,2009,0,0,Vinhos de mesa
118,Singapura,2009,0,0,Vinhos de mesa
119,Suazilândia,2009,0,0,Vinhos de mesa
120,Suécia,2009,28334,52826,Vinhos de mesa
121,Suíça,2009,27653,81319,Vinhos de mesa
122,Suriname,2009,3830,12918,Vinhos de mesa
123,Tailândia,2009,0,0,Vinhos de mesa
124,Taiwan (Formosa),2009,0,0,Vinhos de mesa
125,Tanzânia,2009,0,0,Vinhos de mesa
126,"Tcheca, República",2009,9269,43902,Vinhos de mesa
127,Togo,2009,0,0,Vinhos de mesa
128,Toquelau,2009,0,0,Vinhos de mesa
129,Trinidade Tobago,2009,0,0,Vinhos de mesa
130,Tunísia,2009,0,0,Vinhos de mesa
131,Turquia,2009,0,0,Vinhos de mesa
132,Tuvalu,2009,0,0,Vinhos de mesa
133,Uruguai,2009,0,0,Vinhos de mesa
134,Vanuatu,2009,0,0,Vinhos de mesa
135,Venezuela,2009,0,0,Vinhos de mesa
136,Vietnã,2009,743,2143,Vinhos de mesa
137,Afeganistão,2010,0,0,Vinhos de mesa
138,África do Sul,2010,0,0,Vinhos de mesa
139,"Alemanha, República Democrática",2010,27715,138666,Vinhos de mesa
140,Angola,2010,33557,189891,Vinhos de mesa
141,Anguilla,2010,0,0,Vinhos de mesa
142,Antígua e Barbuda,2010,0,0,Vinhos de mesa
143,Antilhas Holandesas,2010,9810,12808,Vinhos de mesa
144,Arábia Saudita,2010,0,0,Vinhos de mesa
145,Argentina,2010,0,0,Vinhos de mesa
146,Aruba,2010,0,0,Vinhos de mesa
147,Austrália,2010,1823,17960,Vinhos de mesa
148,Áustria,2010,0,0,Vinhos de mesa
149,Bahamas,2010,3175,12759,Vinhos de mesa
150,Bangladesh,2010,0,0,Vinhos de mesa
151,Barbados,2010,0,0,Vinhos de mesa
152,Barein,2010,0,0,Vinhos de mesa
153,Bélgica,2010,42532,185411,Vinhos de mesa
154,Belice,2010,0,0,Vinhos de mesa
155,Benin,2010,0,0,Vinhos de mesa
156,Bermudas,2010,0,0,Vinhos de mesa
157,Bolívia,2010,54,282,Vinhos de mesa
158,Bósnia-Herzegovina,2010,0,0,Vinhos de mesa
159,Brasil,2010,0,0,Vinhos de mesa
160,Bulgária,2010,0,0,Vinhos de mesa
161,Cabo Verde,2010,11991,49366,Vinhos de mesa
162,Camarões,2010,0,0,Vinhos de mesa
163,Canadá,2010,0,0,Vinhos de mesa
164,Catar,2010,0,0,Vinhos de mesa
165,"Cayman, Ilhas",2010,0,0,Vinhos de mesa
166,Chile,2010,0,0,Vinhos de mesa
167,China,2010,795,2358,Vinhos de mesa
168,Chipre,2010,0,0,Vinhos de mesa
169,Cingapura,2010,1533,5504,Vinhos de mesa
170,"Cocos (Keeling), Ilhas",2010,0,0,Vinhos de mesa
171,Colômbia,2010,0,0,Vinhos de mesa
172,Comores,2010,0,0,Vinhos de mesa
173,Congo,2010,0,0,Vinhos de mesa
174,"Coreia, Republica Sul",2010,0,0,Vinhos de mesa
175,Costa do Marfim,2010,0,0,Vinhos de mesa
176,Costa Rica,2010,0,0,Vinhos de mesa
177,Croácia,2010,0,0,Vinhos de mesa
178,Cuba,2010,0,0,Vinhos de mesa
179,Curaçao,2010,0,0,Vinhos de mesa
180,Dinamarca,2010,7034,69161,Vinhos de mesa
181,Dominica,2010,0,0,Vinhos de mesa
182,El Salvador,2010,0,0,Vinhos de mesa
183,Emirados Arabes Unidos,2010,1035,3206,Vinhos de mesa
184,Equador,2010,0,0,Vinhos de mesa
185,"Eslovaca, Republica",2010,0,0,Vinhos de mesa
186,Espanha,2010,0,0,Vinhos de mesa
187,Estados Unidos,2010,228968,478630,Vinhos de mesa
188,Estônia,2010,15848,40778,Vinhos de mesa
189,Filipinas,2010,0,0,Vinhos de mesa
190,Finlândia,2010,0,0,Vinhos de mesa
191,França,2010,3614,18904,Vinhos de mesa
192,Gana,2010,0,0,Vinhos de mesa
193,Gibraltar,2010,0,0,Vinhos de mesa
194,Granada,2010,0,0,Vinhos de mesa
195,Grécia,2010,0,0,Vinhos de mesa
196,Guatemala,2010,0,0,Vinhos de mesa
197,Guiana,2010,783,3654,Vinhos de mesa
198,Guiana Francesa,2010,0,0,Vinhos de mesa
199,Guine Bissau,2010,0,0,Vinhos de mesa
200,Guine Equatorial,2010,410,1015,Vinhos de mesa
201,Haiti,2010,2700,3750,Vinhos de mesa
202,Honduras,2010,0,0,Vinhos de mesa
203,Hong Kong,2010,0,0,Vinhos de mesa
204,Hungria,2010,540,4103,Vinhos de mesa
205,Ilha de Man,2010,0,0,Vinhos de mesa
206,Ilhas Virgens,2010,0,0,Vinhos de mesa
207,India,2010,0,0,Vinhos de mesa
208,Indonésia,2010,0,0,Vinhos de mesa
209,Irã,2010,0,0,Vinhos de mesa
210,Iraque,2010,0,0,Vinhos de mesa
211,Irlanda,2010,3969,42795,Vinhos de mesa
212,Itália,2010,1458,4828,Vinhos de mesa
213,Jamaica,2010,0,0,Vinhos de mesa
214,Japão,2010,112178,74628,Vinhos de mesa
215,Jordânia,2010,0,0,Vinhos de mesa
216,Letônia,2010,0,0,Vinhos de mesa
217,Líbano,2010,0,0,Vinhos de mesa
218,Libéria,2010,0,0,Vinhos de mesa
219,Luxemburgo,2010,7344,32549,Vinhos de mesa
220,Macau,2010,0,0,Vinhos de mesa
221,Malásia,2010,0,0,Vinhos de mesa
222,Malavi,2010,0,0,Vinhos de mesa
223,Malta,2010,0,0,Vinhos de mesa
224,"Marshall, Ilhas",2010,0,0,Vinhos de mesa
225,Martinica,2010,0,0,Vinhos de mesa
226,Mauritânia,2010,0,0,Vinhos de mesa
227,México,2010,0,0,Vinhos de mesa
228,Moçambique,2010,0,0,Vinhos de mesa
229,Montenegro,2010,0,0,Vinhos de mesa
230,Namíbia,2010,0,0,Vinhos de mesa
231,Nicarágua,2010,0,0,Vinhos de mesa
232,Nigéria,2010,0,0,Vinhos de mesa
233,Noruega,2010,0,0,Vinhos de mesa
234,Nova Caledônia,2010,0,0,Vinhos de mesa
235,Nova Zelândia,2010,0,0,Vinhos de mesa
236,Omã,2010,0,0,Vinhos de mesa
237,Países Baixos,2010,87368,302182,Vinhos de mesa
238,Palau,2010,0,0,Vinhos de mesa
239,Panamá,2010,0,0,Vinhos de mesa
240,Paraguai,2010,510989,449197,Vinhos de mesa
241,Peru,2010,0,0,Vinhos de mesa
242,Pitcairn,2010,0,0,Vinhos de mesa
243,Polônia,2010,20464,95198,Vinhos de mesa
244,Porto Rico,2010,0,0,Vinhos de mesa
245,Portugal,2010,4577,18970,Vinhos de mesa
246,Quênia,2010,0,0,Vinhos de mesa
247,Reino Unido,2010,123624,295690,Vinhos de mesa
248,República Dominicana,2010,0,0,Vinhos de mesa
249,Rússia,2010,0,0,Vinhos de mesa
250,São Cristóvão e Névis,2010,0,0,Vinhos de mesa
251,São Tomé e Príncipe,2010,0,0,Vinhos de mesa
252,São Vicente e Granadinas,2010,0,0,Vinhos de mesa
253,Senegal,2010,0,0,Vinhos de mesa
254,Serra Leoa,2010,0,0,Vinhos de mesa
255,Singapura,2010,0,0,Vinhos de mesa
256,Suazilândia,2010,0,0,Vinhos de mesa
257,Suécia,2010,0,0,Vinhos de mesa
258,Suíça,2010,2025,21600,Vinhos de mesa
259,Suriname,2010,1836,1269,Vinhos de mesa
260,Tailândia,2010,0,0,Vinhos de mesa
261,Taiwan (Formosa),2010,0,0,Vinhos de mesa
262,Tanzânia,2010,0,0,Vinhos de mesa
263,"Tcheca, República",2010,1091,5285,Vinhos de mesa
264,Togo,2010,0,0,Vinhos de mesa
265,Toquelau,2010,0,0,Vinhos de mesa
266,Trinidade Tobago,2010,0,0,Vinhos de mesa
267,Tunísia,2010,0,0,Vinhos de mesa
268,Turquia,2010,0,0,Vinhos de mesa
269,Tuvalu,2010,0,0,Vinhos de mesa
270,Uruguai,2010,914,2929,Vinhos de mesa
271,Vanuatu,2010,0,0,Vinhos de mesa
272,Venezuela,2010,0,0,Vinhos de mesa
273,Vietnã,2010,8820,9977,Vinhos de mesa
274,Afeganistão,2011,0,0,Vinhos de mesa
275,África do Sul,2011,0,0,Vinhos de mesa
276,"Alemanha, República Democrática",2011,36070,144150,Vinhos de mesa
277,Angola,2011,13889,69001,Vinhos de mesa
278,Anguilla,2011,0,0,Vinhos de mesa
279,Antígua e Barbuda,2011,0,0,Vinhos de mesa
280,Antilhas Holandesas,2011,7335,10188,Vinhos de mesa
281,Arábia Saudita,2011,0,0,Vinhos de mesa
282,Argentina,2011,13253,55460,Vinhos de mesa
283,Aruba,2011,900,1680,Vinhos de mesa
284,Austrália,2011,3632,40704,Vinhos de mesa
285,Áustria,2011,0,0,Vinhos de mesa
286,Bahamas,2011,4529,28810,Vinhos de mesa
287,Bangladesh,2011,0,0,Vinhos de mesa
288,Barbados,2011,0,0,Vinhos de mesa
289,Barein,2011,0,0,Vinhos de mesa
290,Bélgica,2011,11802,62339,Vinhos de mesa
291,Belice,2011,0,0,Vinhos de mesa
292,Benin,2011,0,0,Vinhos de mesa
293,Bermudas,2011,0,0,Vinhos de mesa
294,Bolívia,2011,12775,20215,Vinhos de mesa
295,Bósnia-Herzegovina,2011,0,0,Vinhos de mesa
296,Brasil,2011,0,0,Vinhos de mesa
297,Bulgária,2011,0,0,Vinhos de mesa
298,Cabo Verde,2011,600,825,Vinhos de mesa
299,Camarões,2011,0,0,Vinhos de mesa
300,Canadá,2011,28906,128076,Vinhos de mesa
301,Catar,2011,0,0,Vinhos de mesa
302,"Cayman, Ilhas",2011,0,0,Vinhos de mesa
303,Chile,2011,0,0,Vinhos de mesa
304,China,2011,54156,334867,Vinhos de mesa
305,Chipre,2011,0,0,Vinhos de mesa
306,Cingapura,2011,911,3317,Vinhos de mesa
307,"Cocos (Keeling), Ilhas",2011,0,0,Vinhos de mesa
308,Colômbia,2011,0,0,Vinhos de mesa
309,Comores,2011,0,0,Vinhos de mesa
310,Congo,2011,360,570,Vinhos de mesa
311,"Coreia, Republica Sul",2011,0,0,Vinhos de mesa
312,Costa do Marfim,2011,0,0,Vinhos de mesa
313,Costa Rica,2011,0,0,Vinhos de mesa
314,Croácia,2011,0,0,Vinhos de mesa
315,Cuba,2011,2880,4899,Vinhos de mesa
316,Curaçao,2011,0,0,Vinhos de mesa
317,Dinamarca,2011,32797,83057,Vinhos de mesa
318,Dominica,2011,0,0,Vinhos de mesa
319,El Salvador,2011,0,0,Vinhos de mesa
320,Emirados Arabes Unidos,2011,2120,6594,Vinhos de mesa
321,Equador,2011,0,0,Vinhos de mesa
322,"Eslovaca, Republica",2011,0,0,Vinhos de mesa
323,Espanha,2011,5206,24618,Vinhos de mesa
324,Estados Unidos,2011,306787,1030254,Vinhos de mesa
325,Estônia,2011,450,5336,Vinhos de mesa
326,Filipinas,2011,0,0,Vinhos de mesa
327,Finlândia,2011,12404,50394,Vinhos de mesa
328,França,2011,0,0,Vinhos de mesa
329,Gana,2011,0,0,Vinhos de mesa
330,Gibraltar,2011,0,0,Vinhos de mesa
331,Granada,2011,0,0,Vinhos de mesa
332,Grécia,2011,0,0,Vinhos de mesa
333,Guatemala,2011,0,0,Vinhos de mesa
334,Guiana,2011,0,0,Vinhos de mesa
335,Guiana Francesa,2011,0,0,Vinhos de mesa
336,Guine Bissau,2011,0,0,Vinhos de mesa
337,Guine Equatorial,2011,956,1979,Vinhos de mesa
338,Haiti,2011,0,0,Vinhos de mesa
339,Honduras,2011,0,0,Vinhos de mesa
340,Hong Kong,2011,2063,7975,Vinhos de mesa
341,Hungria,2011,0,0,Vinhos de mesa
342,Ilha de Man,2011,0,0,Vinhos de mesa
343,Ilhas Virgens,2011,0,0,Vinhos de mesa
344,India,2011,0,0,Vinhos de mesa
345,Indonésia,2011,0,0,Vinhos de mesa
346,Irã,2011,0,0,Vinhos de mesa
347,Iraque,2011,0,0,Vinhos de mesa
348,Irlanda,2011,5376,35690,Vinhos de mesa
349,Itália,2011,11999,80298,Vinhos de mesa
350,Jamaica,2011,0,0,Vinhos de mesa
351,Japão,2011,100835,144662,Vinhos de mesa
352,Jordânia,2011,0,0,Vinhos de mesa
353,Letônia,2011,0,0,Vinhos de mesa
354,Líbano,2011,0,0,Vinhos de mesa
355,Libéria,2011,0,0,Vinhos de mesa
356,Luxemburgo,2011,9547,65592,Vinhos de mesa
357,Macau,2011,0,0,Vinhos de mesa
358,Malásia,2011,0,0,Vinhos de mesa
359,Malavi,2011,0,0,Vinhos de mesa
360,Malta,2011,0,0,Vinhos de mesa
361,"Marshall, Ilhas",2011,0,0,Vinhos de mesa
362,Martinica,2011,0,0,Vinhos de mesa
363,Mauritânia,2011,0,0,Vinhos de mesa
364,México,2011,1350,7200,Vinhos de mesa
365,Moçambique,2011,0,0,Vinhos de mesa
366,Montenegro,2011,0,0,Vinhos de mesa
367,Namíbia,2011,0,0,Vinhos de mesa
368,Nicarágua,2011,0,0,Vinhos de mesa
369,Nigéria,2011,54,210,Vinhos de mesa
370,Noruega,2011,10268,78688,Vinhos de mesa
371,Nova Caledônia,2011,0,0,Vinhos de mesa
372,Nova Zelândia,2011,2587,7992,Vinhos de mesa
373,Omã,2011,0,0,Vinhos de mesa
374,Países Baixos,2011,125414,395356,Vinhos de mesa
375,Palau,2011,0,0,Vinhos de mesa
376,Panamá,2011,0,0,Vinhos de mesa
377,Paraguai,2011,240168,276281,Vinhos de mesa
378,Peru,2011,0,0,Vinhos de mesa
379,Pitcairn,2011,0,0,Vinhos de mesa
380,Polônia,2011,11732,50684,Vinhos de mesa
381,Porto Rico,2011,0,0,Vinhos de mesa
382,Portugal,2011,95,1031,Vinhos de mesa
383,Quênia,2011,0,0,Vinhos de mesa
384,Reino Unido,2011,122629,285642,Vinhos de mesa
385,República Dominicana,2011,0,0,Vinhos de mesa
386,Rússia,2011,0,0,Vinhos de mesa
387,São Cristóvão e Névis,2011,0,0,Vinhos de mesa
388,São Tomé e Príncipe,2011,0,0,Vinhos de mesa
389,São Vicente e Granadinas,2011,0,0,Vinhos de mesa
390,Senegal,2011,0,0,Vinhos de mesa
391,Serra Leoa,2011,0,0,Vinhos de mesa
392,Singapura,2011,0,0,Vinhos de mesa
393,Suazilândia,2011,0,0,Vinhos de mesa
394,Suécia,2011,1641,14476,Vinhos de mesa
395,Suíça,2011,0,0,Vinhos de mesa
396,Suriname,2011,3774,3735,Vinhos de mesa
397,Tailândia,2011,0,0,Vinhos de mesa
398,Taiwan (Formosa),2011,4500,10600,Vinhos de mesa
399,Tanzânia,2011,0,0,Vinhos de mesa
400,"Tcheca, República",2011,6846,37271,Vinhos de mesa
401,Togo,2011,0,0,Vinhos de mesa
402,Toquelau,2011,0,0,Vinhos de mesa
403,Trinidade Tobago,2011,0,0,Vinhos de mesa
404,Tunísia,2011,0,0,Vinhos de mesa
405,Turquia,2011,0,0,Vinhos de mesa
406,Tuvalu,2011,0,0,Vinhos de mesa
407,Uruguai,2011,1238,4404,Vinhos de mesa
408,Vanuatu,2011,0,0,Vinhos de mesa
409,Venezuela,2011,0,0,Vinhos de mesa
410,Vietnã,2011,0,0,Vinhos de mesa
411,Afeganistão,2012,0,0,Vinhos de mesa
412,África do Sul,2012,0,0,Vinhos de mesa
413,"Alemanha, República Democrática",2012,8189,56342,Vinhos de mesa
414,Angola,2012,2833,8861,Vinhos de mesa
415,Anguilla,2012,0,0,Vinhos de mesa
416,Antígua e Barbuda,2012,0,0,Vinhos de mesa
417,Antilhas Holandesas,2012,9247,14081,Vinhos de mesa
418,Arábia Saudita,2012,0,0,Vinhos de mesa
419,Argentina,2012,0,0,Vinhos de mesa
420,Aruba,2012,0,0,Vinhos de mesa
421,Austrália,2012,9345,56045,Vinhos de mesa
422,Áustria,2012,0,0,Vinhos de mesa
423,Bahamas,2012,1374,12087,Vinhos de mesa
424,Bangladesh,2012,0,0,Vinhos de mesa
425,Barbados,2012,0,0,Vinhos de mesa
426,Barein,2012,0,0,Vinhos de mesa
427,Bélgica,2012,16132,90718,Vinhos de mesa
428,Belice,2012,0,0,Vinhos de mesa
429,Benin,2012,0,0,Vinhos de mesa
430,Bermudas,2012,0,0,Vinhos de mesa
431,Bolívia,2012,11868,16804,Vinhos de mesa
432,Bósnia-Herzegovina,2012,0,0,Vinhos de mesa
433,Brasil,2012,0,0,Vinhos de mesa
434,Bulgária,2012,0,0,Vinhos de mesa
435,Cabo Verde,2012,0,0,Vinhos de mesa
436,Camarões,2012,0,0,Vinhos de mesa
437,Canadá,2012,14304,146035,Vinhos de mesa
438,Catar,2012,0,0,Vinhos de mesa
439,"Cayman, Ilhas",2012,0,0,Vinhos de mesa
440,Chile,2012,8550,15438,Vinhos de mesa
441,China,2012,87905,642177,Vinhos de mesa
442,Chipre,2012,0,0,Vinhos de mesa
443,Cingapura,2012,1212,5310,Vinhos de mesa
444,"Cocos (Keeling), Ilhas",2012,0,0,Vinhos de mesa
445,Colômbia,2012,0,0,Vinhos de mesa
446,Comores,2012,0,0,Vinhos de mesa
447,Congo,2012,0,0,Vinhos de mesa
448,"Coreia, Republica Sul",2012,0,0,Vinhos de mesa
449,Costa do Marfim,2012,0,0,Vinhos de mesa
450,Costa Rica,2012,0,0,Vinhos de mesa
451,Croácia,2012,0,0,Vinhos de mesa
452,Cuba,2012,0,0,Vinhos de mesa
453,Curaçao,2012,0,0,Vinhos de mesa
454,Dinamarca,2012,4716,23802,Vinhos de mesa
455,Dominica,2012,0,0,Vinhos de mesa
456,El Salvador,2012,0,0,Vinhos de mesa
457,Emirados Arabes Unidos,2012,675,3300,Vinhos de mesa
458,Equador,2012,0,0,Vinhos de mesa
459,"Eslovaca, Republica",2012,0,0,Vinhos de mesa
460,Espanha,2012,0,0,Vinhos de mesa
461,Estados Unidos,2012,146585,303986,Vinhos de mesa
462,Estônia,2012,3321,19384,Vinhos de mesa
463,Filipinas,2012,0,0,Vinhos de mesa
464,Finlândia,2012,17100,67959,Vinhos de mesa
465,França,2012,195604,185791,Vinhos de mesa
466,Gana,2012,0,0,Vinhos de mesa
467,Gibraltar,2012,0,0,Vinhos de mesa
468,Granada,2012,0,0,Vinhos de mesa
469,Grécia,2012,0,0,Vinhos de mesa
470,Guatemala,2012,0,0,Vinhos de mesa
471,Guiana,2012,0,0,Vinhos de mesa
472,Guiana Francesa,2012,0,0,Vinhos de mesa
473,Guine Bissau,2012,0,0,Vinhos de mesa
474,Guine Equatorial,2012,819,2530,Vinhos de mesa
475,Haiti,2012,0,0,Vinhos de mesa
476,Honduras,2012,0,0,Vinhos de mesa
477,Hong Kong,2012,1609,7653,Vinhos de mesa
478,Hungria,2012,0,0,Vinhos de mesa
479,Ilha de Man,2012,0,0,Vinhos de mesa
480,Ilhas Virgens,2012,0,0,Vinhos de mesa
481,India,2012,0,0,Vinhos de mesa
482,Indonésia,2012,0,0,Vinhos de mesa
483,Irã,2012,0,0,Vinhos de mesa
484,Iraque,2012,0,0,Vinhos de mesa
485,Irlanda,2012,0,0,Vinhos de mesa
486,Itália,2012,792,5622,Vinhos de mesa
487,Jamaica,2012,0,0,Vinhos de mesa
488,Japão,2012,29281,116961,Vinhos de mesa
489,Jordânia,2012,0,0,Vinhos de mesa
490,Letônia,2012,0,0,Vinhos de mesa
491,Líbano,2012,0,0,Vinhos de mesa
492,Libéria,2012,0,0,Vinhos de mesa
493,Luxemburgo,2012,2444,16547,Vinhos de mesa
494,Macau,2012,0,0,Vinhos de mesa
495,Malásia,2012,0,0,Vinhos de mesa
496,Malavi,2012,0,0,Vinhos de mesa
497,Malta,2012,0,0,Vinhos de mesa
498,"Marshall, Ilhas",2012,0,0,Vinhos de mesa
499,Martinica,2012,0,0,Vinhos de mesa
500,Mauritânia,2012,0,0,Vinhos de mesa
501,México,2012,0,0,Vinhos de mesa
502,Moçambique,2012,0,0,Vinhos de mesa
503,Montenegro,2012,0,0,Vinhos de mesa
504,Namíbia,2012,0,0,Vinhos de mesa
505,Nicarágua,2012,0,0,Vinhos de mesa
506,Nigéria,2012,6449,10196,Vinhos de mesa
507,Noruega,2012,5104,31515,Vinhos de mesa
508,Nova Caledônia,2012,0,0,Vinhos de mesa
509,Nova Zelândia,2012,2364,8817,Vinhos de mesa
510,Omã,2012,0,0,Vinhos de mesa
511,Países Baixos,2012,134879,539641,Vinhos de mesa
512,Palau,2012,0,0,Vinhos de mesa
513,Panamá,2012,39,2262,Vinhos de mesa
514,Paraguai,2012,354824,428279,Vinhos de mesa
515,Peru,2012,0,0,Vinhos de mesa
516,Pitcairn,2012,0,0,Vinhos de mesa
517,Polônia,2012,21663,89158,Vinhos de mesa
518,Porto Rico,2012,0,0,Vinhos de mesa
519,Portugal,2012,47172,47022,Vinhos de mesa
520,Quênia,2012,94,458,Vinhos de mesa
521,Reino Unido,2012,82937,334856,Vinhos de mesa
522,República Dominicana,2012,0,0,Vinhos de mesa
523,Rússia,2012,4528176,2103968,Vinhos de mesa
524,São Cristóvão e Névis,2012,0,0,Vinhos de mesa
525,São Tomé e Príncipe,2012,0,0,Vinhos de mesa
526,São Vicente e Granadinas,2012,0,0,Vinhos de mesa
527,Senegal,2012,0,0,Vinhos de mesa
528,Serra Leoa,2012,0,0,Vinhos de mesa
529,Singapura,2012,0,0,Vinhos de mesa
530,Suazilândia,2012,0,0,Vinhos de mesa
531,Suécia,2012,2705,17280,Vinhos de mesa
532,Suíça,2012,4014,47240,Vinhos de mesa
533,Suriname,2012,396,1288,Vinhos de mesa
534,Tailândia,2012,0,0,Vinhos de mesa
535,Taiwan (Formosa),2012,0,0,Vinhos de mesa
536,Tanzânia,2012,0,0,Vinhos de mesa
537,"Tcheca, República",2012,7960,27789,Vinhos de mesa
538,Togo,2012,0,0,Vinhos de mesa
539,Toquelau,2012,0,0,Vinhos de mesa
540,Trinidade Tobago,2012,531,2720,Vinhos de mesa
541,Tunísia,2012,0,0,Vinhos de mesa
542,Turquia,2012,0,0,Vinhos de mesa
543,Tuvalu,2012,0,0,Vinhos de mesa
544,Uruguai,2012,1135,3879,Vinhos de mesa
545,Vanuatu,2012,0,0,Vinhos de mesa
546,Venezuela,2012,1029,7492,Vinhos de mesa
547,Vietnã,2012,0,0,Vinhos de mesa
548,Afeganistão,2013,0,0,Vinhos de mesa
549,África do Sul,2013,0,0,Vinhos de mesa
550,"Alemanha, República Democrática",2013,61699,265978,Vinhos de mesa
551,Angola,2013,1573,9300,Vinhos de mesa
552,Anguilla,2013,0,0,Vinhos de mesa
553,Antígua e Barbuda,2013,0,0,Vinhos de mesa
554,Antilhas Holandesas,2013,11281,19565,Vinhos de mesa
555,Arábia Saudita,2013,0,0,Vinhos de mesa
556,Argentina,2013,0,0,Vinhos de mesa
557,Aruba,2013,0,0,Vinhos de mesa
558,Austrália,2013,16707,101715,Vinhos de mesa
559,Áustria,2013,0,0,Vinhos de mesa
560,Bahamas,2013,581,5145,Vinhos de mesa
561,Bangladesh,2013,0,0,Vinhos de mesa
562,Barbados,2013,0,0,Vinhos de mesa
563,Barein,2013,0,0,Vinhos de mesa
564,Bélgica,2013,22461,95893,Vinhos de mesa
565,Belice,2013,0,0,Vinhos de mesa
566,Benin,2013,0,0,Vinhos de mesa
567,Bermudas,2013,0,0,Vinhos de mesa
568,Bolívia,2013,19147,25998,Vinhos de mesa
569,Bósnia-Herzegovina,2013,0,0,Vinhos de mesa
570,Brasil,2013,0,0,Vinhos de mesa
571,Bulgária,2013,0,0,Vinhos de mesa
572,Cabo Verde,2013,0,0,Vinhos de mesa
573,Camarões,2013,0,0,Vinhos de mesa
574,Canadá,2013,25329,174643,Vinhos de mesa
575,Catar,2013,0,0,Vinhos de mesa
576,"Cayman, Ilhas",2013,0,0,Vinhos de mesa
577,Chile,2013,0,0,Vinhos de mesa
578,China,2013,40929,279956,Vinhos de mesa
579,Chipre,2013,0,0,Vinhos de mesa
580,Cingapura,2013,766,5779,Vinhos de mesa
581,"Cocos (Keeling), Ilhas",2013,0,0,Vinhos de mesa
582,Colômbia,2013,8,30,Vinhos de mesa
583,Comores,2013,0,0,Vinhos de mesa
584,Congo,2013,0,0,Vinhos de mesa
585,"Coreia, Republica Sul",2013,0,0,Vinhos de mesa
586,Costa do Marfim,2013,0,0,Vinhos de mesa
587,Costa Rica,2013,0,0,Vinhos de mesa
588,Croácia,2013,0,0,Vinhos de mesa
589,Cuba,2013,0,0,Vinhos de mesa
590,Curaçao,2013,0,0,Vinhos de mesa
591,Dinamarca,2013,17892,101915,Vinhos de mesa
592,Dominica,2013,0,0,Vinhos de mesa
593,El Salvador,2013,0,0,Vinhos de mesa
594,Emirados Arabes Unidos,2013,0,0,Vinhos de mesa
595,Equador,2013,0,0,Vinhos de mesa
596,"Eslovaca, Republica",2013,0,0,Vinhos de mesa
597,Espanha,2013,1972980,3748940,Vinhos de mesa
598,Estados Unidos,2013,245368,786556,Vinhos de mesa
599,Estônia,2013,0,0,Vinhos de mesa
600,Filipinas,2013,0,0,Vinhos de mesa
601,Finlândia,2013,36682,283114,Vinhos de mesa
602,França,2013,6885,42256,Vinhos de mesa
603,Gana,2013,0,0,Vinhos de mesa
604,Gibraltar,2013,0,0,Vinhos de mesa
605,Granada,2013,0,0,Vinhos de mesa
606,Grécia,2013,0,0,Vinhos de mesa
607,Guatemala,2013,0,0,Vinhos de mesa
608,Guiana,2013,0,0,Vinhos de mesa
609,Guiana Francesa,2013,0,0,Vinhos de mesa
610,Guine Bissau,2013,0,0,Vinhos de mesa
611,Guine Equatorial,2013,1108,5336,Vinhos de mesa
612,Haiti,2013,0,0,Vinhos de mesa
613,Honduras,2013,0,0,Vinhos de mesa
614,Hong Kong,2013,16013,61224,Vinhos de mesa
615,Hungria,2013,0,0,Vinhos de mesa
616,Ilha de Man,2013,0,0,Vinhos de mesa
617,Ilhas Virgens,2013,0,0,Vinhos de mesa
618,India,2013,0,0,Vinhos de mesa
619,Indonésia,2013,0,0,Vinhos de mesa
620,Irã,2013,0,0,Vinhos de mesa
621,Iraque,2013,0,0,Vinhos de mesa
622,Irlanda,2013,0,0,Vinhos de mesa
623,Itália,2013,1710,11967,Vinhos de mesa
624,Jamaica,2013,0,0,Vinhos de mesa
625,Japão,2013,91988,429088,Vinhos de mesa
626,Jordânia,2013,0,0,Vinhos de mesa
627,Letônia,2013,0,0,Vinhos de mesa
628,Líbano,2013,0,0,Vinhos de mesa
629,Libéria,2013,0,0,Vinhos de mesa
630,Luxemburgo,2013,5135,29474,Vinhos de mesa
631,Macau,2013,0,0,Vinhos de mesa
632,Malásia,2013,0,0,Vinhos de mesa
633,Malavi,2013,0,0,Vinhos de mesa
634,Malta,2013,0,0,Vinhos de mesa
635,"Marshall, Ilhas",2013,0,0,Vinhos de mesa
636,Martinica,2013,0,0,Vinhos de mesa
637,Mauritânia,2013,0,0,Vinhos de mesa
638,México,2013,0,0,Vinhos de mesa
639,Moçambique,2013,0,0,Vinhos de mesa
640,Montenegro,2013,0,0,Vinhos de mesa
641,Namíbia,2013,0,0,Vinhos de mesa
642,Nicarágua,2013,0,0,Vinhos de mesa
643,Nigéria,2013,1350,2245,Vinhos de mesa
644,Noruega,2013,2375,19008,Vinhos de mesa
645,Nova Caledônia,2013,0,0,Vinhos de mesa
646,Nova Zelândia,2013,1004,4092,Vinhos de mesa
647,Omã,2013,0,0,Vinhos de mesa
648,Países Baixos,2013,57792,255690,Vinhos de mesa
649,Palau,2013,0,0,Vinhos de mesa
650,Panamá,2013,0,0,Vinhos de mesa
651,Paraguai,2013,481564,680828,Vinhos de mesa
652,Peru,2013,0,0,Vinhos de mesa
653,Pitcairn,2013,0,0,Vinhos de mesa
654,Polônia,2013,19249,90960,Vinhos de mesa
655,Porto Rico,2013,0,0,Vinhos de mesa
656,Portugal,2013,23810,17627,Vinhos de mesa
657,Quênia,2013,6,4,Vinhos de mesa
658,Reino Unido,2013,59161,305005,Vinhos de mesa
659,República Dominicana,2013,0,0,Vinhos de mesa
660,Rússia,2013,5893291,14795694,Vinhos de mesa
661,São Cristóvão e Névis,2013,0,0,Vinhos de mesa
662,São Tomé e Príncipe,2013,0,0,Vinhos de mesa
663,São Vicente e Granadinas,2013,0,0,Vinhos de mesa
664,Senegal,2013,0,0,Vinhos de mesa
665,Serra Leoa,2013,0,0,Vinhos de mesa
666,Singapura,2013,0,0,Vinhos de mesa
667,Suazilândia,2013,0,0,Vinhos de mesa
668,Suécia,2013,3195,20183,Vinhos de mesa
669,Suíça,2013,2997,29785,Vinhos de mesa
670,Suriname,2013,1800,2960,Vinhos de mesa
671,Tailândia,2013,0,0,Vinhos de mesa
672,Taiwan (Formosa),2013,0,0,Vinhos de mesa
673,Tanzânia,2013,0,0,Vinhos de mesa
674,"Tcheca, República",2013,3697,23549,Vinhos de mesa
675,Togo,2013,0,0,Vinhos de mesa
676,Toquelau,2013,0,0,Vinhos de mesa
677,Trinidade Tobago,2013,0,0,Vinhos de mesa
678,Tunísia,2013,0,0,Vinhos de mesa
679,Turquia,2013,0,0,Vinhos de mesa
680,Tuvalu,2013,0,0,Vinhos de mesa
681,Uruguai,2013,1526,13343,Vinhos de mesa
682,Vanuatu,2013,0,0,Vinhos de mesa
683,Venezuela,2013,0,0,Vinhos de mesa
684,Vietnã,2013,0,0,Vinhos de mesa
685,Afeganistão,2014,0,0,Vinhos de mesa
686,África do Sul,2014,0,0,Vinhos de mesa
687,"Alemanha, República Democrática",2014,213348,761653,Vinhos de mesa
688,Angola,2014,12182,23124,Vinhos de mesa
689,Anguilla,2014,0,0,Vinhos de mesa
690,Antígua e Barbuda,2014,0,0,Vinhos de mesa
691,Antilhas Holandesas,2014,4455,7169,Vinhos de mesa
692,Arábia Saudita,2014,0,0,Vinhos de mesa
693,Argentina,2014,20385,95130,Vinhos de mesa
694,Aruba,2014,450,755,Vinhos de mesa
695,Austrália,2014,6308,43709,Vinhos de mesa
696,Áustria,2014,0,0,Vinhos de mesa
697,Bahamas,2014,0,0,Vinhos de mesa
698,Bangladesh,2014,0,0,Vinhos de mesa
699,Barbados,2014,0,0,Vinhos de mesa
700,Barein,2014,0,0,Vinhos de mesa
701,Bélgica,2014,151320,704093,Vinhos de mesa
702,Belice,2014,0,0,Vinhos de mesa
703,Benin,2014,0,0,Vinhos de mesa
704,Bermudas,2014,0,0,Vinhos de mesa
705,Bolívia,2014,12534,18303,Vinhos de mesa
706,Bósnia-Herzegovina,2014,0,0,Vinhos de mesa
707,Brasil,2014,0,0,Vinhos de mesa
708,Bulgária,2014,0,0,Vinhos de mesa
709,Cabo Verde,2014,0,0,Vinhos de mesa
710,Camarões,2014,0,0,Vinhos de mesa
711,Canadá,2014,35082,226875,Vinhos de mesa
712,Catar,2014,0,0,Vinhos de mesa
713,"Cayman, Ilhas",2014,0,0,Vinhos de mesa
714,Chile,2014,0,0,Vinhos de mesa
715,China,2014,64040,455340,Vinhos de mesa
716,Chipre,2014,0,0,Vinhos de mesa
717,Cingapura,2014,541,3887,Vinhos de mesa
718,"Cocos (Keeling), Ilhas",2014,0,0,Vinhos de mesa
719,Colômbia,2014,0,0,Vinhos de mesa
720,Comores,2014,0,0,Vinhos de mesa
721,Congo,2014,0,0,Vinhos de mesa
722,"Coreia, Republica Sul",2014,0,0,Vinhos de mesa
723,Costa do Marfim,2014,0,0,Vinhos de mesa
724,Costa Rica,2014,0,0,Vinhos de mesa
725,Croácia,2014,0,0,Vinhos de mesa
726,Cuba,2014,38875,43200,Vinhos de mesa
727,Curaçao,2014,0,0,Vinhos de mesa
728,Dinamarca,2014,3240,16871,Vinhos de mesa
729,Dominica,2014,0,0,Vinhos de mesa
730,El Salvador,2014,0,0,Vinhos de mesa
731,Emirados Arabes Unidos,2014,640,3381,Vinhos de mesa
732,Equador,2014,0,0,Vinhos de mesa
733,"Eslovaca, Republica",2014,0,0,Vinhos de mesa
734,Espanha,2014,0,0,Vinhos de mesa
735,Estados Unidos,2014,222267,494216,Vinhos de mesa
736,Estônia,2014,0,0,Vinhos de mesa
737,Filipinas,2014,0,0,Vinhos de mesa
738,Finlândia,2014,12960,94962,Vinhos de mesa
739,França,2014,33755,167807,Vinhos de mesa
740,Gana,2014,0,0,Vinhos de mesa
741,Gibraltar,2014,0,0,Vinhos de mesa
742,Granada,2014,0,0,Vinhos de mesa
743,Grécia,2014,0,0,Vinhos de mesa
744,Guatemala,2014,0,0,Vinhos de mesa
745,Guiana,2014,0,0,Vinhos de mesa
746,Guiana Francesa,2014,0,0,Vinhos de mesa
747,Guine Bissau,2014,0,0,Vinhos de mesa
748,Guine Equatorial,2014,5646,11983,Vinhos de mesa
749,Haiti,2014,0,0,Vinhos de mesa
750,Honduras,2014,0,0,Vinhos de mesa
751,Hong Kong,2014,18130,63534,Vinhos de mesa
752,Hungria,2014,0,0,Vinhos de mesa
753,Ilha de Man,2014,0,0,Vinhos de mesa
754,Ilhas Virgens,2014,0,0,Vinhos de mesa
755,India,2014,0,0,Vinhos de mesa
756,Indonésia,2014,0,0,Vinhos de mesa
757,Irã,2014,0,0,Vinhos de mesa
758,Iraque,2014,0,0,Vinhos de mesa
759,Irlanda,2014,0,0,Vinhos de mesa
760,Itália,2014,604,2492,Vinhos de mesa
761,Jamaica,2014,0,0,Vinhos de mesa
762,Japão,2014,106426,401774,Vinhos de mesa
763,Jordânia,2014,0,0,Vinhos de mesa
764,Letônia,2014,0,0,Vinhos de mesa
765,Líbano,2014,0,0,Vinhos de mesa
766,Libéria,2014,0,0,Vinhos de mesa
767,Luxemburgo,2014,8281,52400,Vinhos de mesa
768,Macau,2014,0,0,Vinhos de mesa
769,Malásia,2014,0,0,Vinhos de mesa
770,Malavi,2014,0,0,Vinhos de mesa
771,Malta,2014,0,0,Vinhos de mesa
772,"Marshall, Ilhas",2014,0,0,Vinhos de mesa
773,Martinica,2014,0,0,Vinhos de mesa
774,Mauritânia,2014,0,0,Vinhos de mesa
775,México,2014,1521,24336,Vinhos de mesa
776,Moçambique,2014,0,0,Vinhos de mesa
777,Montenegro,2014,0,0,Vinhos de mesa
778,Namíbia,2014,0,0,Vinhos de mesa
779,Nicarágua,2014,0,0,Vinhos de mesa
780,Nigéria,2014,0,0,Vinhos de mesa
781,Noruega,2014,7179,50464,Vinhos de mesa
782,Nova Caledônia,2014,0,0,Vinhos de mesa
783,Nova Zelândia,2014,2800,13675,Vinhos de mesa
784,Omã,2014,0,0,Vinhos de mesa
785,Países Baixos,2014,165289,773767,Vinhos de mesa
786,Palau,2014,0,0,Vinhos de mesa
787,Panamá,2014,0,0,Vinhos de mesa
788,Paraguai,2014,521847,908028,Vinhos de mesa
789,Peru,2014,0,0,Vinhos de mesa
790,Pitcairn,2014,0,0,Vinhos de mesa
791,Polônia,2014,30181,107957,Vinhos de mesa
792,Porto Rico,2014,0,0,Vinhos de mesa
793,Portugal,2014,71544,79141,Vinhos de mesa
794,Quênia,2014,0,0,Vinhos de mesa
795,Reino Unido,2014,305807,1373747,Vinhos de mesa
796,República Dominicana,2014,0,0,Vinhos de mesa
797,Rússia,2014,190656,61440,Vinhos de mesa
798,São Cristóvão e Névis,2014,0,0,Vinhos de mesa
799,São Tomé e Príncipe,2014,0,0,Vinhos de mesa
800,São Vicente e Granadinas,2014,0,0,Vinhos de mesa
801,Senegal,2014,0,0,Vinhos de mesa
802,Serra Leoa,2014,0,0,Vinhos de mesa
803,Singapura,2014,0,0,Vinhos de mesa
804,Suazilândia,2014,0,0,Vinhos de mesa
805,Suécia,2014,10404,51057,Vinhos de mesa
806,Suíça,2014,27933,231762,Vinhos de mesa
807,Suriname,2014,6,19,Vinhos de mesa
808,Tailândia,2014,0,0,Vinhos de mesa
809,Taiwan (Formosa),2014,12519,67907,Vinhos de mesa
810,Tanzânia,2014,0,0,Vinhos de mesa
811,"Tcheca, República",2014,4500,35005,Vinhos de mesa
812,Togo,2014,0,0,Vinhos de mesa
813,Toquelau,2014,0,0,Vinhos de mesa
814,Trinidade Tobago,2014,360,1600,Vinhos de mesa
815,Tunísia,2014,0,0,Vinhos de mesa
816,Turquia,2014,0,0,Vinhos de mesa
817,Tuvalu,2014,0,0,Vinhos de mesa
818,Uruguai,2014,0,0,Vinhos de mesa
819,Vanuatu,2014,0,0,Vinhos de mesa
820,Venezuela,2014,14,232,Vinhos de mesa
821,Vietnã,2014,0,0,Vinhos de mesa
822,Afeganistão,2015,0,0,Vinhos de mesa
823,África do Sul,2015,0,0,Vinhos de mesa
824,"Alemanha, República Democrática",2015,10680,44780,Vinhos de mesa
825,Angola,2015,1908,17089,Vinhos de mesa
826,Anguilla,2015,0,0,Vinhos de mesa
827,Antígua e Barbuda,2015,0,0,Vinhos de mesa
828,Antilhas Holandesas,2015,6660,10545,Vinhos de mesa
829,Arábia Saudita,2015,0,0,Vinhos de mesa
830,Argentina,2015,0,0,Vinhos de mesa
831,Aruba,2015,0,0,Vinhos de mesa
832,Austrália,2015,7437,48011,Vinhos de mesa
833,Áustria,2015,0,0,Vinhos de mesa
834,Bahamas,2015,0,0,Vinhos de mesa
835,Bangladesh,2015,0,0,Vinhos de mesa
836,Barbados,2015,0,0,Vinhos de mesa
837,Barein,2015,0,0,Vinhos de mesa
838,Bélgica,2015,4473,26399,Vinhos de mesa
839,Belice,2015,0,0,Vinhos de mesa
840,Benin,2015,0,0,Vinhos de mesa
841,Bermudas,2015,0,0,Vinhos de mesa
842,Bolívia,2015,10674,12990,Vinhos de mesa
843,Bósnia-Herzegovina,2015,0,0,Vinhos de mesa
844,Brasil,2015,0,0,Vinhos de mesa
845,Bulgária,2015,0,0,Vinhos de mesa
846,Cabo Verde,2015,0,0,Vinhos de mesa
847,Camarões,2015,0,0,Vinhos de mesa
848,Canadá,2015,24547,118394,Vinhos de mesa
849,Catar,2015,0,0,Vinhos de mesa
850,"Cayman, Ilhas",2015,0,0,Vinhos de mesa
851,Chile,2015,0,0,Vinhos de mesa
852,China,2015,47609,222866,Vinhos de mesa
853,Chipre,2015,0,0,Vinhos de mesa
854,Cingapura,2015,1116,2774,Vinhos de mesa
855,"Cocos (Keeling), Ilhas",2015,0,0,Vinhos de mesa
856,Colômbia,2015,0,0,Vinhos de mesa
857,Comores,2015,0,0,Vinhos de mesa
858,Congo,2015,0,0,Vinhos de mesa
859,"Coreia, Republica Sul",2015,0,0,Vinhos de mesa
860,Costa do Marfim,2015,0,0,Vinhos de mesa
861,Costa Rica,2015,0,0,Vinhos de mesa
862,Croácia,2015,0,0,Vinhos de mesa
863,Cuba,2015,97965,108864,Vinhos de mesa
864,Curaçao,2015,0,0,Vinhos de mesa
865,Dinamarca,2015,7080,29306,Vinhos de mesa
866,Dominica,2015,0,0,Vinhos de mesa
867,El Salvador,2015,0,0,Vinhos de mesa
868,Emirados Arabes Unidos,2015,765,3740,Vinhos de mesa
869,Equador,2015,0,0,Vinhos de mesa
870,"Eslovaca, Republica",2015,0,0,Vinhos de mesa
871,Espanha,2015,0,0,Vinhos de mesa
872,Estados Unidos,2015,195896,524109,Vinhos de mesa
873,Estônia,2015,0,0,Vinhos de mesa
874,Filipinas,2015,0,0,Vinhos de mesa
875,Finlândia,2015,0,0,Vinhos de mesa
876,França,2015,1596,4749,Vinhos de mesa
877,Gana,2015,0,0,Vinhos de mesa
878,Gibraltar,2015,0,0,Vinhos de mesa
879,Granada,2015,0,0,Vinhos de mesa
880,Grécia,2015,0,0,Vinhos de mesa
881,Guatemala,2015,0,0,Vinhos de mesa
882,Guiana,2015,0,0,Vinhos de mesa
883,Guiana Francesa,2015,0,0,Vinhos de mesa
884,Guine Bissau,2015,0,0,Vinhos de mesa
885,Guine Equatorial,2015,0,0,Vinhos de mesa
886,Haiti,2015,0,0,Vinhos de mesa
887,Honduras,2015,0,0,Vinhos de mesa
888,Hong Kong,2015,1229,7837,Vinhos de mesa
889,Hungria,2015,0,0,Vinhos de mesa
890,Ilha de Man,2015,0,0,Vinhos de mesa
891,Ilhas Virgens,2015,0,0,Vinhos de mesa
892,India,2015,0,0,Vinhos de mesa
893,Indonésia,2015,0,0,Vinhos de mesa
894,Irã,2015,0,0,Vinhos de mesa
895,Iraque,2015,0,0,Vinhos de mesa
896,Irlanda,2015,0,0,Vinhos de mesa
897,Itália,2015,0,0,Vinhos de mesa
898,Jamaica,2015,0,0,Vinhos de mesa
899,Japão,2015,31597,87853,Vinhos de mesa
900,Jordânia,2015,0,0,Vinhos de mesa
901,Letônia,2015,0,0,Vinhos de mesa
902,Líbano,2015,0,0,Vinhos de mesa
903,Libéria,2015,0,0,Vinhos de mesa
904,Luxemburgo,2015,2295,17358,Vinhos de mesa
905,Macau,2015,0,0,Vinhos de mesa
906,Malásia,2015,0,0,Vinhos de mesa
907,Malavi,2015,0,0,Vinhos de mesa
908,Malta,2015,0,0,Vinhos de mesa
909,"Marshall, Ilhas",2015,0,0,Vinhos de mesa
910,Martinica,2015,0,0,Vinhos de mesa
911,Mauritânia,2015,0,0,Vinhos de mesa
912,México,2015,0,0,Vinhos de mesa
913,Moçambique,2015,0,0,Vinhos de mesa
914,Montenegro,2015,0,0,Vinhos de mesa
915,Namíbia,2015,0,0,Vinhos de mesa
916,Nicarágua,2015,0,0,Vinhos de mesa
917,Nigéria,2015,0,0,Vinhos de mesa
918,Noruega,2015,1058,6021,Vinhos de mesa
919,Nova Caledônia,2015,0,0,Vinhos de mesa
920,Nova Zelândia,2015,809,3476,Vinhos de mesa
921,Omã,2015,0,0,Vinhos de mesa
922,Países Baixos,2015,44987,186464,Vinhos de mesa
923,Palau,2015,0,0,Vinhos de mesa
924,Panamá,2015,0,0,Vinhos de mesa
925,Paraguai,2015,495428,741370,Vinhos de mesa
926,Peru,2015,0,0,Vinhos de mesa
927,Pitcairn,2015,0,0,Vinhos de mesa
928,Polônia,2015,11654,42781,Vinhos de mesa
929,Porto Rico,2015,0,0,Vinhos de mesa
930,Portugal,2015,47736,42586,Vinhos de mesa
931,Quênia,2015,0,0,Vinhos de mesa
932,Reino Unido,2015,68382,308407,Vinhos de mesa
933,República Dominicana,2015,0,0,Vinhos de mesa
934,Rússia,2015,47664,18240,Vinhos de mesa
935,São Cristóvão e Névis,2015,0,0,Vinhos de mesa
936,São Tomé e Príncipe,2015,0,0,Vinhos de mesa
937,São Vicente e Granadinas,2015,0,0,Vinhos de mesa
938,Senegal,2015,0,0,Vinhos de mesa
939,Serra Leoa,2015,0,0,Vinhos de mesa
940,Singapura,2015,0,0,Vinhos de mesa
941,Suazilândia,2015,0,0,Vinhos de mesa
942,Suécia,2015,1412,6404,Vinhos de mesa
943,Suíça,2015,15872,85790,Vinhos de mesa
944,Suriname,2015,453,713,Vinhos de mesa
945,Tailândia,2015,0,0,Vinhos de mesa
946,Taiwan (Formosa),2015,7200,23940,Vinhos de mesa
947,Tanzânia,2015,0,0,Vinhos de mesa
948,"Tcheca, República",2015,2297,15304,Vinhos de mesa
949,Togo,2015,0,0,Vinhos de mesa
950,Toquelau,2015,0,0,Vinhos de mesa
951,Trinidade Tobago,2015,0,0,Vinhos de mesa
952,Tunísia,2015,0,0,Vinhos de mesa
953,Turquia,2015,0,0,Vinhos de mesa
954,Tuvalu,2015,0,0,Vinhos de mesa
955,Uruguai,2015,0,0,Vinhos de mesa
956,Vanuatu,2015,0,0,Vinhos de mesa
957,Venezuela,2015,0,0,Vinhos de mesa
958,Vietnã,2015,0,0,Vinhos de mesa
959,Afeganistão,2016,0,0,Vinhos de mesa
960,África do Sul,2016,0,0,Vinhos de mesa
961,"Alemanha, República Democrática",2016,14012,68109,Vinhos de mesa
962,Angola,2016,7359,35390,Vinhos de mesa
963,Anguilla,2016,0,0,Vinhos de mesa
964,Antígua e Barbuda,2016,0,0,Vinhos de mesa
965,Antilhas Holandesas,2016,16641,26450,Vinhos de mesa
966,Arábia Saudita,2016,0,0,Vinhos de mesa
967,Argentina,2016,0,0,Vinhos de mesa
968,Aruba,2016,0,0,Vinhos de mesa
969,Austrália,2016,1954,13799,Vinhos de mesa
970,Áustria,2016,675,5220,Vinhos de mesa
971,Bahamas,2016,0,0,Vinhos de mesa
972,Bangladesh,2016,0,0,Vinhos de mesa
973,Barbados,2016,0,0,Vinhos de mesa
974,Barein,2016,0,0,Vinhos de mesa
975,Bélgica,2016,7200,46534,Vinhos de mesa
976,Belice,2016,0,0,Vinhos de mesa
977,Benin,2016,5040,20333,Vinhos de mesa
978,Bermudas,2016,0,0,Vinhos de mesa
979,Bolívia,2016,13586,16902,Vinhos de mesa
980,Bósnia-Herzegovina,2016,0,0,Vinhos de mesa
981,Brasil,2016,0,0,Vinhos de mesa
982,Bulgária,2016,0,0,Vinhos de mesa
983,Cabo Verde,2016,0,0,Vinhos de mesa
984,Camarões,2016,0,0,Vinhos de mesa
985,Canadá,2016,13711,71096,Vinhos de mesa
986,Catar,2016,0,0,Vinhos de mesa
987,"Cayman, Ilhas",2016,0,0,Vinhos de mesa
988,Chile,2016,0,0,Vinhos de mesa
989,China,2016,134106,499622,Vinhos de mesa
990,Chipre,2016,0,0,Vinhos de mesa
991,Cingapura,2016,5445,13199,Vinhos de mesa
992,"Cocos (Keeling), Ilhas",2016,0,0,Vinhos de mesa
993,Colômbia,2016,0,0,Vinhos de mesa
994,Comores,2016,0,0,Vinhos de mesa
995,Congo,2016,0,0,Vinhos de mesa
996,"Coreia, Republica Sul",2016,8,20,Vinhos de mesa
997,Costa do Marfim,2016,0,0,Vinhos de mesa
998,Costa Rica,2016,0,0,Vinhos de mesa
999,Croácia,2016,0,0,Vinhos de mesa
1000,Cuba,2016,63741,69830,Vinhos de mesa
1001,Curaçao,2016,0,0,Vinhos de mesa
1002,Dinamarca,2016,1278,8171,Vinhos de mesa
1003,Dominica,2016,0,0,Vinhos de mesa
1004,El Salvador,2016,0,0,Vinhos de mesa
1005,Emirados Arabes Unidos,2016,585,2760,Vinhos de mesa
1006,Equador,2016,0,0,Vinhos de mesa
1007,"Eslovaca, Republica",2016,0,0,Vinhos de mesa
1008,Espanha,2016,0,0,Vinhos de mesa
1009,Estados Unidos,2016,258072,687411,Vinhos de mesa
1010,Estônia,2016,900,4800,Vinhos de mesa
1011,Filipinas,2016,0,0,Vinhos de mesa
1012,Finlândia,2016,7617,41003,Vinhos de mesa
1013,França,2016,6037,30055,Vinhos de mesa
1014,Gana,2016,0,0,Vinhos de mesa
1015,Gibraltar,2016,0,0,Vinhos de mesa
1016,Granada,2016,0,0,Vinhos de mesa
1017,Grécia,2016,0,0,Vinhos de mesa
1018,Guatemala,2016,0,0,Vinhos de mesa
1019,Guiana,2016,0,0,Vinhos de mesa
1020,Guiana Francesa,2016,0,0,Vinhos de mesa
1021,Guine Bissau,2016,0,0,Vinhos de mesa
1022,Guine Equatorial,2016,0,0,Vinhos de mesa
1023,Haiti,2016,0,0,Vinhos de mesa
1024,Honduras,2016,0,0,Vinhos de mesa
1025,Hong Kong,2016,6975,86199,Vinhos de mesa
1026,Hungria,2016,0,0,Vinhos de mesa
1027,Ilha de Man,2016,0,0,Vinhos de mesa
1028,Ilhas Virgens,2016,0,0,Vinhos de mesa
1029,India,2016,0,0,Vinhos de mesa
1030,Indonésia,2016,0,0,Vinhos de mesa
1031,Irã,2016,0,0,Vinhos de mesa
1032,Iraque,2016,0,0,Vinhos de mesa
1033,Irlanda,2016,0,0,Vinhos de mesa
1034,Itália,2016,585,3465,Vinhos de mesa
1035,Jamaica,2016,0,0,Vinhos de mesa
1036,Japão,2016,34341,90954,Vinhos de mesa
1037,Jordânia,2016,0,0,Vinhos de mesa
1038,Letônia,2016,0,0,Vinhos de mesa
1039,Líbano,2016,0,0,Vinhos de mesa
1040,Libéria,2016,0,0,Vinhos de mesa
1041,Luxemburgo,2016,2759,21426,Vinhos de mesa
1042,Macau,2016,0,0,Vinhos de mesa
1043,Malásia,2016,0,0,Vinhos de mesa
1044,Malavi,2016,0,0,Vinhos de mesa
1045,Malta,2016,0,0,Vinhos de mesa
1046,"Marshall, Ilhas",2016,0,0,Vinhos de mesa
1047,Martinica,2016,0,0,Vinhos de mesa
1048,Mauritânia,2016,0,0,Vinhos de mesa
1049,México,2016,0,0,Vinhos de mesa
1050,Moçambique,2016,0,0,Vinhos de mesa
1051,Montenegro,2016,0,0,Vinhos de mesa
1052,Namíbia,2016,0,0,Vinhos de mesa
1053,Nicarágua,2016,0,0,Vinhos de mesa
1054,Nigéria,2016,0,0,Vinhos de mesa
1055,Noruega,2016,0,0,Vinhos de mesa
1056,Nova Caledônia,2016,0,0,Vinhos de mesa
1057,Nova Zelândia,2016,504,9472,Vinhos de mesa
1058,Omã,2016,0,0,Vinhos de mesa
1059,Países Baixos,2016,42953,190203,Vinhos de mesa
1060,Palau,2016,0,0,Vinhos de mesa
1061,Panamá,2016,0,0,Vinhos de mesa
1062,Paraguai,2016,985739,1655417,Vinhos de mesa
1063,Peru,2016,0,0,Vinhos de mesa
1064,Pitcairn,2016,0,0,Vinhos de mesa
1065,Polônia,2016,11457,35402,Vinhos de mesa
1066,Porto Rico,2016,0,0,Vinhos de mesa
1067,Portugal,2016,0,0,Vinhos de mesa
1068,Quênia,2016,0,0,Vinhos de mesa
1069,Reino Unido,2016,117044,536681,Vinhos de mesa
1070,República Dominicana,2016,0,0,Vinhos de mesa
1071,Rússia,2016,0,0,Vinhos de mesa
1072,São Cristóvão e Névis,2016,0,0,Vinhos de mesa
1073,São Tomé e Príncipe,2016,0,0,Vinhos de mesa
1074,São Vicente e Granadinas,2016,0,0,Vinhos de mesa
1075,Senegal,2016,0,0,Vinhos de mesa
1076,Serra Leoa,2016,0,0,Vinhos de mesa
1077,Singapura,2016,0,0,Vinhos de mesa
1078,Suazilândia,2016,0,0,Vinhos de mesa
1079,Suécia,2016,291,1214,Vinhos de mesa
1080,Suíça,2016,4230,33340,Vinhos de mesa
1081,Suriname,2016,900,1375,Vinhos de mesa
1082,Tailândia,2016,0,0,Vinhos de mesa
1083,Taiwan (Formosa),2016,16967,80379,Vinhos de mesa
1084,Tanzânia,2016,0,0,Vinhos de mesa
1085,"Tcheca, República",2016,3837,28473,Vinhos de mesa
1086,Togo,2016,0,0,Vinhos de mesa
1087,Toquelau,2016,0,0,Vinhos de mesa
1088,Trinidade Tobago,2016,0,0,Vinhos de mesa
1089,Tunísia,2016,0,0,Vinhos de mesa
1090,Turquia,2016,0,0,Vinhos de mesa
1091,Tuvalu,2016,0,0,Vinhos de mesa
1092,Uruguai,2016,0,0,Vinhos de mesa
1093,Vanuatu,2016,0,0,Vinhos de mesa
1094,Venezuela,2016,0,0,Vinhos de mesa
1095,Vietnã,2016,0,0,Vinhos de mesa
1096,Afeganistão,2017,0,0,Vinhos de mesa
1097,África do Sul,2017,0,0,Vinhos de mesa
1098,"Alemanha, República Democrática",2017,15467,87702,Vinhos de mesa
1099,Angola,2017,10170,61680,Vinhos de mesa
1100,Anguilla,2017,0,0,Vinhos de mesa
1101,Antígua e Barbuda,2017,0,0,Vinhos de mesa
1102,Antilhas Holandesas,2017,5400,8550,Vinhos de mesa
1103,Arábia Saudita,2017,0,0,Vinhos de mesa
1104,Argentina,2017,0,0,Vinhos de mesa
1105,Aruba,2017,0,0,Vinhos de mesa
1106,Austrália,2017,1350,7500,Vinhos de mesa
1107,Áustria,2017,0,0,Vinhos de mesa
1108,Bahamas,2017,0,0,Vinhos de mesa
1109,Bangladesh,2017,0,0,Vinhos de mesa
1110,Barbados,2017,0,0,Vinhos de mesa
1111,Barein,2017,0,0,Vinhos de mesa
1112,Bélgica,2017,2790,16405,Vinhos de mesa
1113,Belice,2017,0,0,Vinhos de mesa
1114,Benin,2017,0,0,Vinhos de mesa
1115,Bermudas,2017,0,0,Vinhos de mesa
1116,Bolívia,2017,9495,23085,Vinhos de mesa
1117,Bósnia-Herzegovina,2017,0,0,Vinhos de mesa
1118,Brasil,2017,0,0,Vinhos de mesa
1119,Bulgária,2017,117,1579,Vinhos de mesa
1120,Cabo Verde,2017,0,0,Vinhos de mesa
1121,Camarões,2017,1749,7476,Vinhos de mesa
1122,Canadá,2017,6075,30658,Vinhos de mesa
1123,Catar,2017,13338,81606,Vinhos de mesa
1124,"Cayman, Ilhas",2017,0,0,Vinhos de mesa
1125,Chile,2017,0,0,Vinhos de mesa
1126,China,2017,67594,266086,Vinhos de mesa
1127,Chipre,2017,0,0,Vinhos de mesa
1128,Cingapura,2017,0,0,Vinhos de mesa
1129,"Cocos (Keeling), Ilhas",2017,0,0,Vinhos de mesa
1130,Colômbia,2017,0,0,Vinhos de mesa
1131,Comores,2017,0,0,Vinhos de mesa
1132,Congo,2017,0,0,Vinhos de mesa
1133,"Coreia, Republica Sul",2017,0,0,Vinhos de mesa
1134,Costa do Marfim,2017,0,0,Vinhos de mesa
1135,Costa Rica,2017,0,0,Vinhos de mesa
1136,Croácia,2017,0,0,Vinhos de mesa
1137,Cuba,2017,62791,72229,Vinhos de mesa
1138,Curaçao,2017,12340,23011,Vinhos de mesa
1139,Dinamarca,2017,581,2829,Vinhos de mesa
1140,Dominica,2017,0,0,Vinhos de mesa
1141,El Salvador,2017,0,0,Vinhos de mesa
1142,Emirados Arabes Unidos,2017,675,3302,Vinhos de mesa
1143,Equador,2017,0,0,Vinhos de mesa
1144,"Eslovaca, Republica",2017,0,0,Vinhos de mesa
1145,Espanha,2017,0,0,Vinhos de mesa
1146,Estados Unidos,2017,132688,1523699,Vinhos de mesa
1147,Estônia,2017,0,0,Vinhos de mesa
1148,Filipinas,2017,0,0,Vinhos de mesa
1149,Finlândia,2017,0,0,Vinhos de mesa
1150,França,2017,4253,21654,Vinhos de mesa
1151,Gana,2017,0,0,Vinhos de mesa
1152,Gibraltar,2017,0,0,Vinhos de mesa
1153,Granada,2017,0,0,Vinhos de mesa
1154,Grécia,2017,0,0,Vinhos de mesa
1155,Guatemala,2017,0,0,Vinhos de mesa
1156,Guiana,2017,0,0,Vinhos de mesa
1157,Guiana Francesa,2017,0,0,Vinhos de mesa
1158,Guine Bissau,2017,48,90,Vinhos de mesa
1159,Guine Equatorial,2017,2639,30563,Vinhos de mesa
1160,Haiti,2017,0,0,Vinhos de mesa
1161,Honduras,2017,0,0,Vinhos de mesa
1162,Hong Kong,2017,1934,8180,Vinhos de mesa
1163,Hungria,2017,0,0,Vinhos de mesa
1164,Ilha de Man,2017,0,0,Vinhos de mesa
1165,Ilhas Virgens,2017,0,0,Vinhos de mesa
1166,India,2017,0,0,Vinhos de mesa
1167,Indonésia,2017,0,0,Vinhos de mesa
1168,Irã,2017,0,0,Vinhos de mesa
1169,Iraque,2017,0,0,Vinhos de mesa
1170,Irlanda,2017,0,0,Vinhos de mesa
1171,Itália,2017,468,2248,Vinhos de mesa
1172,Jamaica,2017,0,0,Vinhos de mesa
1173,Japão,2017,33909,92886,Vinhos de mesa
1174,Jordânia,2017,0,0,Vinhos de mesa
1175,Letônia,2017,387,3723,Vinhos de mesa
1176,Líbano,2017,0,0,Vinhos de mesa
1177,Libéria,2017,0,0,Vinhos de mesa
1178,Luxemburgo,2017,2719,21947,Vinhos de mesa
1179,Macau,2017,0,0,Vinhos de mesa
1180,Malásia,2017,0,0,Vinhos de mesa
1181,Malavi,2017,0,0,Vinhos de mesa
1182,Malta,2017,0,0,Vinhos de mesa
1183,"Marshall, Ilhas",2017,0,0,Vinhos de mesa
1184,Martinica,2017,0,0,Vinhos de mesa
1185,Mauritânia,2017,0,0,Vinhos de mesa
1186,México,2017,664,2292,Vinhos de mesa
1187,Moçambique,2017,0,0,Vinhos de mesa
1188,Montenegro,2017,0,0,Vinhos de mesa
1189,Namíbia,2017,0,0,Vinhos de mesa
1190,Nicarágua,2017,0,0,Vinhos de mesa
1191,Nigéria,2017,0,0,Vinhos de mesa
1192,Noruega,2017,0,0,Vinhos de mesa
1193,Nova Caledônia,2017,0,0,Vinhos de mesa
1194,Nova Zelândia,2017,1678,8140,Vinhos de mesa
1195,Omã,2017,0,0,Vinhos de mesa
1196,Países Baixos,2017,0,0,Vinhos de mesa
1197,Palau,2017,0,0,Vinhos de mesa
1198,Panamá,2017,0,0,Vinhos de mesa
1199,Paraguai,2017,2393468,4274650,Vinhos de mesa
1200,Peru,2017,0,0,Vinhos de mesa
1201,Pitcairn,2017,0,0,Vinhos de mesa
1202,Polônia,2017,0,0,Vinhos de mesa
1203,Porto Rico,2017,0,0,Vinhos de mesa
1204,Portugal,2017,0,0,Vinhos de mesa
1205,Quênia,2017,0,0,Vinhos de mesa
1206,Reino Unido,2017,60711,242883,Vinhos de mesa
1207,República Dominicana,2017,0,0,Vinhos de mesa
1208,Rússia,2017,0,0,Vinhos de mesa
1209,São Cristóvão e Névis,2017,0,0,Vinhos de mesa
1210,São Tomé e Príncipe,2017,0,0,Vinhos de mesa
1211,São Vicente e Granadinas,2017,0,0,Vinhos de mesa
1212,Senegal,2017,0,0,Vinhos de mesa
1213,Serra Leoa,2017,0,0,Vinhos de mesa
1214,Singapura,2017,0,0,Vinhos de mesa
1215,Suazilândia,2017,0,0,Vinhos de mesa
1216,Suécia,2017,15445,64953,Vinhos de mesa
1217,Suíça,2017,6525,74816,Vinhos de mesa
1218,Suriname,2017,3690,5638,Vinhos de mesa
1219,Tailândia,2017,0,0,Vinhos de mesa
1220,Taiwan (Formosa),2017,14988,43954,Vinhos de mesa
1221,Tanzânia,2017,0,0,Vinhos de mesa
1222,"Tcheca, República",2017,2746,16947,Vinhos de mesa
1223,Togo,2017,0,0,Vinhos de mesa
1224,Toquelau,2017,0,0,Vinhos de mesa
1225,Trinidade Tobago,2017,0,0,Vinhos de mesa
1226,Tunísia,2017,0,0,Vinhos de mesa
1227,Turquia,2017,0,0,Vinhos de mesa
1228,Tuvalu,2017,0,0,Vinhos de mesa
1229,Uruguai,2017,0,0,Vinhos de mesa
1230,Vanuatu,2017,0,0,Vinhos de mesa
1231,Venezuela,2017,680,2646,Vinhos de mesa
1232,Vietnã,2017,0,0,Vinhos de mesa
1233,Afeganistão,2018,0,0,Vinhos de mesa
1234,África do Sul,2018,0,0,Vinhos de mesa
1235,"Alemanha, República Democrática",2018,10794,45382,Vinhos de mesa
1236,Angola,2018,477,709,Vinhos de mesa
1237,Anguilla,2018,0,0,Vinhos de mesa
1238,Antígua e Barbuda,2018,37,191,Vinhos de mesa
1239,Antilhas Holandesas,2018,0,0,Vinhos de mesa
1240,Arábia Saudita,2018,0,0,Vinhos de mesa
1241,Argentina,2018,15711,59150,Vinhos de mesa
1242,Aruba,2018,0,0,Vinhos de mesa
1243,Austrália,2018,2055,6902,Vinhos de mesa
1244,Áustria,2018,0,0,Vinhos de mesa
1245,Bahamas,2018,141,634,Vinhos de mesa
1246,Bangladesh,2018,0,0,Vinhos de mesa
1247,Barbados,2018,0,0,Vinhos de mesa
1248,Barein,2018,0,0,Vinhos de mesa
1249,Bélgica,2018,7497,52799,Vinhos de mesa
1250,Belice,2018,0,0,Vinhos de mesa
1251,Benin,2018,0,0,Vinhos de mesa
1252,Bermudas,2018,0,0,Vinhos de mesa
1253,Bolívia,2018,21566,57424,Vinhos de mesa
1254,Bósnia-Herzegovina,2018,0,0,Vinhos de mesa
1255,Brasil,2018,0,0,Vinhos de mesa
1256,Bulgária,2018,0,0,Vinhos de mesa
1257,Cabo Verde,2018,18,48,Vinhos de mesa
1258,Camarões,2018,0,0,Vinhos de mesa
1259,Canadá,2018,5308,20414,Vinhos de mesa
1260,Catar,2018,0,0,Vinhos de mesa
1261,"Cayman, Ilhas",2018,19,203,Vinhos de mesa
1262,Chile,2018,11049,42832,Vinhos de mesa
1263,China,2018,30835,126336,Vinhos de mesa
1264,Chipre,2018,279,480,Vinhos de mesa
1265,Cingapura,2018,3298,11616,Vinhos de mesa
1266,"Cocos (Keeling), Ilhas",2018,0,0,Vinhos de mesa
1267,Colômbia,2018,6944,26273,Vinhos de mesa
1268,Comores,2018,0,0,Vinhos de mesa
1269,Congo,2018,0,0,Vinhos de mesa
1270,"Coreia, Republica Sul",2018,120,109,Vinhos de mesa
1271,Costa do Marfim,2018,0,0,Vinhos de mesa
1272,Costa Rica,2018,0,0,Vinhos de mesa
1273,Croácia,2018,0,0,Vinhos de mesa
1274,Cuba,2018,4776,5584,Vinhos de mesa
1275,Curaçao,2018,23930,43676,Vinhos de mesa
1276,Dinamarca,2018,0,0,Vinhos de mesa
1277,Dominica,2018,0,0,Vinhos de mesa
1278,El Salvador,2018,0,0,Vinhos de mesa
1279,Emirados Arabes Unidos,2018,360,1762,Vinhos de mesa
1280,Equador,2018,0,0,Vinhos de mesa
1281,"Eslovaca, Republica",2018,0,0,Vinhos de mesa
1282,Espanha,2018,6123,22631,Vinhos de mesa
1283,Estados Unidos,2018,169109,512519,Vinhos de mesa
1284,Estônia,2018,0,0,Vinhos de mesa
1285,Filipinas,2018,9608,16205,Vinhos de mesa
1286,Finlândia,2018,0,0,Vinhos de mesa
1287,França,2018,11077,48677,Vinhos de mesa
1288,Gana,2018,9000,13502,Vinhos de mesa
1289,Gibraltar,2018,0,0,Vinhos de mesa
1290,Granada,2018,0,0,Vinhos de mesa
1291,Grécia,2018,232,730,Vinhos de mesa
1292,Guatemala,2018,0,0,Vinhos de mesa
1293,Guiana,2018,0,0,Vinhos de mesa
1294,Guiana Francesa,2018,0,0,Vinhos de mesa
1295,Guine Bissau,2018,0,0,Vinhos de mesa
1296,Guine Equatorial,2018,8389,26808,Vinhos de mesa
1297,Haiti,2018,79500,144425,Vinhos de mesa
1298,Honduras,2018,0,0,Vinhos de mesa
1299,Hong Kong,2018,1742,9029,Vinhos de mesa
1300,Hungria,2018,0,0,Vinhos de mesa
1301,Ilha de Man,2018,0,0,Vinhos de mesa
1302,Ilhas Virgens,2018,0,0,Vinhos de mesa
1303,India,2018,0,0,Vinhos de mesa
1304,Indonésia,2018,0,0,Vinhos de mesa
1305,Irã,2018,0,0,Vinhos de mesa
1306,Iraque,2018,0,0,Vinhos de mesa
1307,Irlanda,2018,7560,25767,Vinhos de mesa
1308,Itália,2018,3661,13260,Vinhos de mesa
1309,Jamaica,2018,0,0,Vinhos de mesa
1310,Japão,2018,36992,112342,Vinhos de mesa
1311,Jordânia,2018,0,0,Vinhos de mesa
1312,Letônia,2018,0,0,Vinhos de mesa
1313,Líbano,2018,0,0,Vinhos de mesa
1314,Libéria,2018,658,3100,Vinhos de mesa
1315,Luxemburgo,2018,1778,11053,Vinhos de mesa
1316,Macau,2018,0,0,Vinhos de mesa
1317,Malásia,2018,15,33,Vinhos de mesa
1318,Malavi,2018,0,0,Vinhos de mesa
1319,Malta,2018,503,1192,Vinhos de mesa
1320,"Marshall, Ilhas",2018,923,2436,Vinhos de mesa
1321,Martinica,2018,0,0,Vinhos de mesa
1322,Mauritânia,2018,0,0,Vinhos de mesa
1323,México,2018,2748,9744,Vinhos de mesa
1324,Moçambique,2018,0,0,Vinhos de mesa
1325,Montenegro,2018,0,0,Vinhos de mesa
1326,Namíbia,2018,0,0,Vinhos de mesa
1327,Nicarágua,2018,0,0,Vinhos de mesa
1328,Nigéria,2018,5175,6250,Vinhos de mesa
1329,Noruega,2018,1295,9847,Vinhos de mesa
1330,Nova Caledônia,2018,0,0,Vinhos de mesa
1331,Nova Zelândia,2018,969,5565,Vinhos de mesa
1332,Omã,2018,0,0,Vinhos de mesa
1333,Países Baixos,2018,9451,32395,Vinhos de mesa
1334,Palau,2018,0,0,Vinhos de mesa
1335,Panamá,2018,1183,3117,Vinhos de mesa
1336,Paraguai,2018,3234168,5494321,Vinhos de mesa
1337,Peru,2018,5193,19372,Vinhos de mesa
1338,Pitcairn,2018,0,0,Vinhos de mesa
1339,Polônia,2018,720,4679,Vinhos de mesa
1340,Porto Rico,2018,0,0,Vinhos de mesa
1341,Portugal,2018,0,0,Vinhos de mesa
1342,Quênia,2018,6771,31225,Vinhos de mesa
1343,Reino Unido,2018,67708,296827,Vinhos de mesa
1344,República Dominicana,2018,0,0,Vinhos de mesa
1345,Rússia,2018,0,0,Vinhos de mesa
1346,São Cristóvão e Névis,2018,0,0,Vinhos de mesa
1347,São Tomé e Príncipe,2018,2184,2357,Vinhos de mesa
1348,São Vicente e Granadinas,2018,0,0,Vinhos de mesa
1349,Senegal,2018,0,0,Vinhos de mesa
1350,Serra Leoa,2018,0,0,Vinhos de mesa
1351,Singapura,2018,0,0,Vinhos de mesa
1352,Suazilândia,2018,0,0,Vinhos de mesa
1353,Suécia,2018,8062,34563,Vinhos de mesa
1354,Suíça,2018,0,0,Vinhos de mesa
1355,Suriname,2018,0,0,Vinhos de mesa
1356,Tailândia,2018,8,45,Vinhos de mesa
1357,Taiwan (Formosa),2018,7589,18421,Vinhos de mesa
1358,Tanzânia,2018,0,0,Vinhos de mesa
1359,"Tcheca, República",2018,2712,20980,Vinhos de mesa
1360,Togo,2018,0,0,Vinhos de mesa
1361,Toquelau,2018,0,0,Vinhos de mesa
1362,Trinidade Tobago,2018,0,0,Vinhos de mesa
1363,Tunísia,2018,0,0,Vinhos de mesa
1364,Turquia,2018,360,150,Vinhos de mesa
1365,Tuvalu,2018,0,0,Vinhos de mesa
1366,Uruguai,2018,7711,29617,Vinhos de mesa
1367,Vanuatu,2018,0,0,Vinhos de mesa
1368,Venezuela,2018,71,355,Vinhos de mesa
1369,Vietnã,2018,0,0,Vinhos de mesa
1370,Afeganistão,2019,0,0,Vinhos de mesa
1371,África do Sul,2019,26,95,Vinhos de mesa
1372,"Alemanha, República Democrática",2019,3660,25467,Vinhos de mesa
1373,Angola,2019,345,1065,Vinhos de mesa
1374,Anguilla,2019,0,0,Vinhos de mesa
1375,Antígua e Barbuda,2019,219,1549,Vinhos de mesa
1376,Antilhas Holandesas,2019,0,0,Vinhos de mesa
1377,Arábia Saudita,2019,0,0,Vinhos de mesa
1378,Argentina,2019,0,0,Vinhos de mesa
1379,Aruba,2019,0,0,Vinhos de mesa
1380,Austrália,2019,1161,4682,Vinhos de mesa
1381,Áustria,2019,0,0,Vinhos de mesa
1382,Bahamas,2019,791,3124,Vinhos de mesa
1383,Bangladesh,2019,0,0,Vinhos de mesa
1384,Barbados,2019,36,394,Vinhos de mesa
1385,Barein,2019,482,2144,Vinhos de mesa
1386,Bélgica,2019,2498,12548,Vinhos de mesa
1387,Belice,2019,9,29,Vinhos de mesa
1388,Benin,2019,9,9,Vinhos de mesa
1389,Bermudas,2019,0,0,Vinhos de mesa
1390,Bolívia,2019,0,0,Vinhos de mesa
1391,Bósnia-Herzegovina,2019,0,0,Vinhos de mesa
1392,Brasil,2019,0,0,Vinhos de mesa
1393,Bulgária,2019,0,0,Vinhos de mesa
1394,Cabo Verde,2019,0,0,Vinhos de mesa
1395,Camarões,2019,0,0,Vinhos de mesa
1396,Canadá,2019,1589,6933,Vinhos de mesa
1397,Catar,2019,0,0,Vinhos de mesa
1398,"Cayman, Ilhas",2019,19,106,Vinhos de mesa
1399,Chile,2019,0,0,Vinhos de mesa
1400,China,2019,129852,376828,Vinhos de mesa
1401,Chipre,2019,672,1843,Vinhos de mesa
1402,Cingapura,2019,5044,19099,Vinhos de mesa
1403,"Cocos (Keeling), Ilhas",2019,0,0,Vinhos de mesa
1404,Colômbia,2019,897,1999,Vinhos de mesa
1405,Comores,2019,0,0,Vinhos de mesa
1406,Congo,2019,0,0,Vinhos de mesa
1407,"Coreia, Republica Sul",2019,70,194,Vinhos de mesa
1408,Costa do Marfim,2019,0,0,Vinhos de mesa
1409,Costa Rica,2019,0,0,Vinhos de mesa
1410,Croácia,2019,0,0,Vinhos de mesa
1411,Cuba,2019,0,0,Vinhos de mesa
1412,Curaçao,2019,33951,62067,Vinhos de mesa
1413,Dinamarca,2019,240,306,Vinhos de mesa
1414,Dominica,2019,0,0,Vinhos de mesa
1415,El Salvador,2019,0,0,Vinhos de mesa
1416,Emirados Arabes Unidos,2019,450,2202,Vinhos de mesa
1417,Equador,2019,2,3,Vinhos de mesa
1418,"Eslovaca, Republica",2019,0,0,Vinhos de mesa
1419,Espanha,2019,3540,1353,Vinhos de mesa
1420,Estados Unidos,2019,209765,616274,Vinhos de mesa
1421,Estônia,2019,0,0,Vinhos de mesa
1422,Filipinas,2019,736,2486,Vinhos de mesa
1423,Finlândia,2019,0,0,Vinhos de mesa
1424,França,2019,18286,67072,Vinhos de mesa
1425,Gana,2019,7673,10010,Vinhos de mesa
1426,Gibraltar,2019,23,93,Vinhos de mesa
1427,Granada,2019,0,0,Vinhos de mesa
1428,Grécia,2019,561,1994,Vinhos de mesa
1429,Guatemala,2019,1597,8719,Vinhos de mesa
1430,Guiana,2019,424,1311,Vinhos de mesa
1431,Guiana Francesa,2019,0,0,Vinhos de mesa
1432,Guine Bissau,2019,0,0,Vinhos de mesa
1433,Guine Equatorial,2019,0,0,Vinhos de mesa
1434,Haiti,2019,81873,129803,Vinhos de mesa
1435,Honduras,2019,0,0,Vinhos de mesa
1436,Hong Kong,2019,9651,42020,Vinhos de mesa
1437,Hungria,2019,0,0,Vinhos de mesa
1438,Ilha de Man,2019,28,175,Vinhos de mesa
1439,Ilhas Virgens,2019,0,0,Vinhos de mesa
1440,India,2019,51,273,Vinhos de mesa
1441,Indonésia,2019,0,0,Vinhos de mesa
1442,Irã,2019,0,0,Vinhos de mesa
1443,Iraque,2019,0,0,Vinhos de mesa
1444,Irlanda,2019,0,0,Vinhos de mesa
1445,Itália,2019,587,1625,Vinhos de mesa
1446,Jamaica,2019,0,0,Vinhos de mesa
1447,Japão,2019,40621,99642,Vinhos de mesa
1448,Jordânia,2019,0,0,Vinhos de mesa
1449,Letônia,2019,0,0,Vinhos de mesa
1450,Líbano,2019,0,0,Vinhos de mesa
1451,Libéria,2019,4441,20068,Vinhos de mesa
1452,Luxemburgo,2019,1666,11211,Vinhos de mesa
1453,Macau,2019,0,0,Vinhos de mesa
1454,Malásia,2019,48,110,Vinhos de mesa
1455,Malavi,2019,0,0,Vinhos de mesa
1456,Malta,2019,3661,8828,Vinhos de mesa
1457,"Marshall, Ilhas",2019,7276,15786,Vinhos de mesa
1458,Martinica,2019,0,0,Vinhos de mesa
1459,Mauritânia,2019,0,0,Vinhos de mesa
1460,México,2019,4,4,Vinhos de mesa
1461,Moçambique,2019,0,0,Vinhos de mesa
1462,Montenegro,2019,9,46,Vinhos de mesa
1463,Namíbia,2019,0,0,Vinhos de mesa
1464,Nicarágua,2019,0,0,Vinhos de mesa
1465,Nigéria,2019,28437,38555,Vinhos de mesa
1466,Noruega,2019,628,3139,Vinhos de mesa
1467,Nova Caledônia,2019,0,0,Vinhos de mesa
1468,Nova Zelândia,2019,500,2832,Vinhos de mesa
1469,Omã,2019,0,0,Vinhos de mesa
1470,Países Baixos,2019,44882,148031,Vinhos de mesa
1471,Palau,2019,0,0,Vinhos de mesa
1472,Panamá,2019,7918,29017,Vinhos de mesa
1473,Paraguai,2019,2419537,3826587,Vinhos de mesa
1474,Peru,2019,9755,17310,Vinhos de mesa
1475,Pitcairn,2019,0,0,Vinhos de mesa
1476,Polônia,2019,5,11,Vinhos de mesa
1477,Porto Rico,2019,0,0,Vinhos de mesa
1478,Portugal,2019,18328,72413,Vinhos de mesa
1479,Quênia,2019,0,0,Vinhos de mesa
1480,Reino Unido,2019,34295,164592,Vinhos de mesa
1481,República Dominicana,2019,0,0,Vinhos de mesa
1482,Rússia,2019,0,0,Vinhos de mesa
1483,São Cristóvão e Névis,2019,0,0,Vinhos de mesa
1484,São Tomé e Príncipe,2019,0,0,Vinhos de mesa
1485,São Vicente e Granadinas,2019,0,0,Vinhos de mesa
1486,Senegal,2019,0,0,Vinhos de mesa
1487,Serra Leoa,2019,18,717,Vinhos de mesa
1488,Singapura,2019,0,0,Vinhos de mesa
1489,Suazilândia,2019,0,0,Vinhos de mesa
1490,Suécia,2019,28,761,Vinhos de mesa
1491,Suíça,2019,2223,28503,Vinhos de mesa
1492,Suriname,2019,3206,4741,Vinhos de mesa
1493,Tailândia,2019,128,832,Vinhos de mesa
1494,Taiwan (Formosa),2019,12,67,Vinhos de mesa
1495,Tanzânia,2019,0,0,Vinhos de mesa
1496,"Tcheca, República",2019,2115,16391,Vinhos de mesa
1497,Togo,2019,0,0,Vinhos de mesa
1498,Toquelau,2019,0,0,Vinhos de mesa
1499,Trinidade Tobago,2019,0,0,Vinhos de mesa
1500,Tunísia,2019,0,0,Vinhos de mesa
1501,Turquia,2019,115,209,Vinhos de mesa
1502,Tuvalu,2019,0,0,Vinhos de mesa
1503,Uruguai,2019,6180,18497,Vinhos de mesa
1504,Vanuatu,2019,0,0,Vinhos de mesa
1505,Venezuela,2019,0,0,Vinhos de mesa
1506,Vietnã,2019,20,32,Vinhos de mesa
1507,Afeganistão,2020,0,0,Vinhos de mesa
1508,África do Sul,2020,4,21,Vinhos de mesa
1509,"Alemanha, República Democrática",2020,6261,32605,Vinhos de mesa
1510,Angola,2020,0,0,Vinhos de mesa
1511,Anguilla,2020,0,0,Vinhos de mesa
1512,Antígua e Barbuda,2020,624,1864,Vinhos de mesa
1513,Antilhas Holandesas,2020,0,0,Vinhos de mesa
1514,Arábia Saudita,2020,0,0,Vinhos de mesa
1515,Argentina,2020,1015,4176,Vinhos de mesa
1516,Aruba,2020,0,0,Vinhos de mesa
1517,Austrália,2020,1013,3413,Vinhos de mesa
1518,Áustria,2020,0,0,Vinhos de mesa
1519,Bahamas,2020,1212,3703,Vinhos de mesa
1520,Bangladesh,2020,3,29,Vinhos de mesa
1521,Barbados,2020,143,169,Vinhos de mesa
1522,Barein,2020,8,28,Vinhos de mesa
1523,Bélgica,2020,3166,20460,Vinhos de mesa
1524,Belice,2020,0,0,Vinhos de mesa
1525,Benin,2020,0,0,Vinhos de mesa
1526,Bermudas,2020,0,0,Vinhos de mesa
1527,Bolívia,2020,9900,16025,Vinhos de mesa
1528,Bósnia-Herzegovina,2020,45,52,Vinhos de mesa
1529,Brasil,2020,0,0,Vinhos de mesa
1530,Bulgária,2020,0,0,Vinhos de mesa
1531,Cabo Verde,2020,0,0,Vinhos de mesa
1532,Camarões,2020,0,178,Vinhos de mesa
1533,Canadá,2020,1672,8431,Vinhos de mesa
1534,Catar,2020,0,0,Vinhos de mesa
1535,"Cayman, Ilhas",2020,123,339,Vinhos de mesa
1536,Chile,2020,11,13,Vinhos de mesa
1537,China,2020,122253,363000,Vinhos de mesa
1538,Chipre,2020,2478,6785,Vinhos de mesa
1539,Cingapura,2020,4049,9316,Vinhos de mesa
1540,"Cocos (Keeling), Ilhas",2020,0,0,Vinhos de mesa
1541,Colômbia,2020,15660,23780,Vinhos de mesa
1542,Comores,2020,9,25,Vinhos de mesa
1543,Congo,2020,0,0,Vinhos de mesa
1544,"Coreia, Republica Sul",2020,103,433,Vinhos de mesa
1545,Costa do Marfim,2020,0,0,Vinhos de mesa
1546,Costa Rica,2020,0,0,Vinhos de mesa
1547,Croácia,2020,21,123,Vinhos de mesa
1548,Cuba,2020,0,0,Vinhos de mesa
1549,Curaçao,2020,47962,65986,Vinhos de mesa
1550,Dinamarca,2020,659,1962,Vinhos de mesa
1551,Dominica,2020,0,0,Vinhos de mesa
1552,El Salvador,2020,0,0,Vinhos de mesa
1553,Emirados Arabes Unidos,2020,581,2279,Vinhos de mesa
1554,Equador,2020,3780,3824,Vinhos de mesa
1555,"Eslovaca, Republica",2020,0,0,Vinhos de mesa
1556,Espanha,2020,28,126,Vinhos de mesa
1557,Estados Unidos,2020,300178,610793,Vinhos de mesa
1558,Estônia,2020,0,0,Vinhos de mesa
1559,Filipinas,2020,719,1548,Vinhos de mesa
1560,Finlândia,2020,0,0,Vinhos de mesa
1561,França,2020,12622,57144,Vinhos de mesa
1562,Gana,2020,18810,22027,Vinhos de mesa
1563,Gibraltar,2020,769,2860,Vinhos de mesa
1564,Granada,2020,0,0,Vinhos de mesa
1565,Grécia,2020,6859,18092,Vinhos de mesa
1566,Guatemala,2020,0,0,Vinhos de mesa
1567,Guiana,2020,990,2577,Vinhos de mesa
1568,Guiana Francesa,2020,0,0,Vinhos de mesa
1569,Guine Bissau,2020,0,0,Vinhos de mesa
1570,Guine Equatorial,2020,0,0,Vinhos de mesa
1571,Haiti,2020,399128,471152,Vinhos de mesa
1572,Honduras,2020,0,0,Vinhos de mesa
1573,Hong Kong,2020,15159,41987,Vinhos de mesa
1574,Hungria,2020,0,0,Vinhos de mesa
1575,Ilha de Man,2020,11,121,Vinhos de mesa
1576,Ilhas Virgens,2020,0,0,Vinhos de mesa
1577,India,2020,7,10,Vinhos de mesa
1578,Indonésia,2020,5,6,Vinhos de mesa
1579,Irã,2020,21,35,Vinhos de mesa
1580,Iraque,2020,0,0,Vinhos de mesa
1581,Irlanda,2020,29,257,Vinhos de mesa
1582,Itália,2020,91,376,Vinhos de mesa
1583,Jamaica,2020,0,0,Vinhos de mesa
1584,Japão,2020,36442,92674,Vinhos de mesa
1585,Jordânia,2020,12,52,Vinhos de mesa
1586,Letônia,2020,0,0,Vinhos de mesa
1587,Líbano,2020,0,0,Vinhos de mesa
1588,Libéria,2020,5155,17624,Vinhos de mesa
1589,Luxemburgo,2020,1086,5110,Vinhos de mesa
1590,Macau,2020,0,0,Vinhos de mesa
1591,Malásia,2020,0,0,Vinhos de mesa
1592,Malavi,2020,0,0,Vinhos de mesa
1593,Malta,2020,3490,9688,Vinhos de mesa
1594,"Marshall, Ilhas",2020,6270,19639,Vinhos de mesa
1595,Martinica,2020,0,0,Vinhos de mesa
1596,Mauritânia,2020,0,0,Vinhos de mesa
1597,México,2020,24,226,Vinhos de mesa
1598,Moçambique,2020,0,0,Vinhos de mesa
1599,Montenegro,2020,9,20,Vinhos de mesa
1600,Namíbia,2020,0,0,Vinhos de mesa
1601,Nicarágua,2020,0,0,Vinhos de mesa
1602,Nigéria,2020,12094,26514,Vinhos de mesa
1603,Noruega,2020,1859,15134,Vinhos de mesa
1604,Nova Caledônia,2020,0,0,Vinhos de mesa
1605,Nova Zelândia,2020,95,515,Vinhos de mesa
1606,Omã,2020,0,0,Vinhos de mesa
1607,Países Baixos,2020,248,1532,Vinhos de mesa
1608,Palau,2020,0,0,Vinhos de mesa
1609,Panamá,2020,10821,28372,Vinhos de mesa
1610,Paraguai,2020,3299013,3869243,Vinhos de mesa
1611,Peru,2020,0,0,Vinhos de mesa
1612,Pitcairn,2020,0,0,Vinhos de mesa
1613,Polônia,2020,74,86,Vinhos de mesa
1614,Porto Rico,2020,0,0,Vinhos de mesa
1615,Portugal,2020,7958,34518,Vinhos de mesa
1616,Quênia,2020,0,0,Vinhos de mesa
1617,Reino Unido,2020,22913,82722,Vinhos de mesa
1618,República Dominicana,2020,0,0,Vinhos de mesa
1619,Rússia,2020,1463,8550,Vinhos de mesa
1620,São Cristóvão e Névis,2020,0,0,Vinhos de mesa
1621,São Tomé e Príncipe,2020,0,0,Vinhos de mesa
1622,São Vicente e Granadinas,2020,0,0,Vinhos de mesa
1623,Senegal,2020,0,0,Vinhos de mesa
1624,Serra Leoa,2020,9240,13050,Vinhos de mesa
1625,Singapura,2020,0,0,Vinhos de mesa
1626,Suazilândia,2020,0,0,Vinhos de mesa
1627,Suécia,2020,6,24,Vinhos de mesa
1628,Suíça,2020,2827,27930,Vinhos de mesa
1629,Suriname,2020,4185,5277,Vinhos de mesa
1630,Tailândia,2020,534,1753,Vinhos de mesa
1631,Taiwan (Formosa),2020,963,4673,Vinhos de mesa
1632,Tanzânia,2020,0,0,Vinhos de mesa
1633,"Tcheca, República",2020,563,4805,Vinhos de mesa
1634,Togo,2020,0,0,Vinhos de mesa
1635,Toquelau,2020,0,0,Vinhos de mesa
1636,Trinidade Tobago,2020,0,0,Vinhos de mesa
1637,Tunísia,2020,0,0,Vinhos de mesa
1638,Turquia,2020,0,0,Vinhos de mesa
1639,Tuvalu,2020,2,4,Vinhos de mesa
1640,Uruguai,2020,0,0,Vinhos de mesa
1641,Vanuatu,2020,18,31,Vinhos de mesa
1642,Venezuela,2020,4086,9808,Vinhos de mesa
1643,Vietnã,2020,86,584,Vinhos de mesa
1644,Afeganistão,2021,11,46,Vinhos de mesa
1645,África do Sul,2021,0,0,Vinhos de mesa
1646,"Alemanha, República Democrática",2021,2698,6741,Vinhos de mesa
1647,Angola,2021,0,0,Vinhos de mesa
1648,Anguilla,2021,0,0,Vinhos de mesa
1649,Antígua e Barbuda,2021,805,2268,Vinhos de mesa
1650,Antilhas Holandesas,2021,0,0,Vinhos de mesa
1651,Arábia Saudita,2021,0,0,Vinhos de mesa
1652,Argentina,2021,6,13,Vinhos de mesa
1653,Aruba,2021,0,0,Vinhos de mesa
1654,Austrália,2021,705,4034,Vinhos de mesa
1655,Áustria,2021,0,0,Vinhos de mesa
1656,Bahamas,2021,1083,4567,Vinhos de mesa
1657,Bangladesh,2021,2,20,Vinhos de mesa
1658,Barbados,2021,216,844,Vinhos de mesa
1659,Barein,2021,302,894,Vinhos de mesa
1660,Bélgica,2021,483,3749,Vinhos de mesa
1661,Belice,2021,0,0,Vinhos de mesa
1662,Benin,2021,0,0,Vinhos de mesa
1663,Bermudas,2021,0,0,Vinhos de mesa
1664,Bolívia,2021,5850,8360,Vinhos de mesa
1665,Bósnia-Herzegovina,2021,0,0,Vinhos de mesa
1666,Brasil,2021,31,46,Vinhos de mesa
1667,Bulgária,2021,0,0,Vinhos de mesa
1668,Cabo Verde,2021,16,124,Vinhos de mesa
1669,Camarões,2021,0,0,Vinhos de mesa
1670,Canadá,2021,1172,6157,Vinhos de mesa
1671,Catar,2021,1,2,Vinhos de mesa
1672,"Cayman, Ilhas",2021,104,356,Vinhos de mesa
1673,Chile,2021,26,6,Vinhos de mesa
1674,China,2021,61884,264116,Vinhos de mesa
1675,Chipre,2021,1855,4530,Vinhos de mesa
1676,Cingapura,2021,0,0,Vinhos de mesa
1677,"Cocos (Keeling), Ilhas",2021,0,0,Vinhos de mesa
1678,Colômbia,2021,12160,21867,Vinhos de mesa
1679,Comores,2021,0,0,Vinhos de mesa
1680,Congo,2021,0,0,Vinhos de mesa
1681,"Coreia, Republica Sul",2021,67,100,Vinhos de mesa
1682,Costa do Marfim,2021,0,0,Vinhos de mesa
1683,Costa Rica,2021,0,0,Vinhos de mesa
1684,Croácia,2021,0,0,Vinhos de mesa
1685,Cuba,2021,0,0,Vinhos de mesa
1686,Curaçao,2021,32263,58993,Vinhos de mesa
1687,Dinamarca,2021,87,504,Vinhos de mesa
1688,Dominica,2021,460,634,Vinhos de mesa
1689,El Salvador,2021,0,0,Vinhos de mesa
1690,Emirados Arabes Unidos,2021,810,10522,Vinhos de mesa
1691,Equador,2021,0,0,Vinhos de mesa
1692,"Eslovaca, Republica",2021,0,0,Vinhos de mesa
1693,Espanha,2021,0,0,Vinhos de mesa
1694,Estados Unidos,2021,111085,203554,Vinhos de mesa
1695,Estônia,2021,0,0,Vinhos de mesa
1696,Filipinas,2021,2784,10368,Vinhos de mesa
1697,Finlândia,2021,0,0,Vinhos de mesa
1698,França,2021,7052,23742,Vinhos de mesa
1699,Gana,2021,12578,19196,Vinhos de mesa
1700,Gibraltar,2021,0,0,Vinhos de mesa
1701,Granada,2021,0,0,Vinhos de mesa
1702,Grécia,2021,908,3014,Vinhos de mesa
1703,Guatemala,2021,17347,29100,Vinhos de mesa
1704,Guiana,2021,2372,6525,Vinhos de mesa
1705,Guiana Francesa,2021,90,32,Vinhos de mesa
1706,Guine Bissau,2021,0,0,Vinhos de mesa
1707,Guine Equatorial,2021,0,0,Vinhos de mesa
1708,Haiti,2021,670379,831181,Vinhos de mesa
1709,Honduras,2021,0,0,Vinhos de mesa
1710,Hong Kong,2021,12507,39390,Vinhos de mesa
1711,Hungria,2021,87,583,Vinhos de mesa
1712,Ilha de Man,2021,97,445,Vinhos de mesa
1713,Ilhas Virgens,2021,0,0,Vinhos de mesa
1714,India,2021,13,86,Vinhos de mesa
1715,Indonésia,2021,0,0,Vinhos de mesa
1716,Irã,2021,116,287,Vinhos de mesa
1717,Iraque,2021,0,0,Vinhos de mesa
1718,Irlanda,2021,36,208,Vinhos de mesa
1719,Itália,2021,696,3715,Vinhos de mesa
1720,Jamaica,2021,0,0,Vinhos de mesa
1721,Japão,2021,39491,90275,Vinhos de mesa
1722,Jordânia,2021,0,0,Vinhos de mesa
1723,Letônia,2021,0,0,Vinhos de mesa
1724,Líbano,2021,0,0,Vinhos de mesa
1725,Libéria,2021,7554,23060,Vinhos de mesa
1726,Luxemburgo,2021,0,0,Vinhos de mesa
1727,Macau,2021,0,0,Vinhos de mesa
1728,Malásia,2021,0,0,Vinhos de mesa
1729,Malavi,2021,0,0,Vinhos de mesa
1730,Malta,2021,3441,15454,Vinhos de mesa
1731,"Marshall, Ilhas",2021,8644,22561,Vinhos de mesa
1732,Martinica,2021,0,0,Vinhos de mesa
1733,Mauritânia,2021,9,85,Vinhos de mesa
1734,México,2021,9,2,Vinhos de mesa
1735,Moçambique,2021,0,0,Vinhos de mesa
1736,Montenegro,2021,14,65,Vinhos de mesa
1737,Namíbia,2021,0,0,Vinhos de mesa
1738,Nicarágua,2021,0,0,Vinhos de mesa
1739,Nigéria,2021,68247,113172,Vinhos de mesa
1740,Noruega,2021,1878,8320,Vinhos de mesa
1741,Nova Caledônia,2021,7227,11924,Vinhos de mesa
1742,Nova Zelândia,2021,657,10477,Vinhos de mesa
1743,Omã,2021,0,0,Vinhos de mesa
1744,Países Baixos,2021,3791,8484,Vinhos de mesa
1745,Palau,2021,0,0,Vinhos de mesa
1746,Panamá,2021,29520,48444,Vinhos de mesa
1747,Paraguai,2021,6522527,7192362,Vinhos de mesa
1748,Peru,2021,9720,17107,Vinhos de mesa
1749,Pitcairn,2021,0,0,Vinhos de mesa
1750,Polônia,2021,4,14,Vinhos de mesa
1751,Porto Rico,2021,0,0,Vinhos de mesa
1752,Portugal,2021,6358,42633,Vinhos de mesa
1753,Quênia,2021,0,0,Vinhos de mesa
1754,Reino Unido,2021,25316,122394,Vinhos de mesa
1755,República Dominicana,2021,0,0,Vinhos de mesa
1756,Rússia,2021,181931,312926,Vinhos de mesa
1757,São Cristóvão e Névis,2021,0,0,Vinhos de mesa
1758,São Tomé e Príncipe,2021,0,0,Vinhos de mesa
1759,São Vicente e Granadinas,2021,8,48,Vinhos de mesa
1760,Senegal,2021,0,0,Vinhos de mesa
1761,Serra Leoa,2021,6525,12955,Vinhos de mesa
1762,Singapura,2021,4504,14346,Vinhos de mesa
1763,Suazilândia,2021,10,24,Vinhos de mesa
1764,Suécia,2021,23,74,Vinhos de mesa
1765,Suíça,2021,627,6999,Vinhos de mesa
1766,Suriname,2021,900,1472,Vinhos de mesa
1767,Tailândia,2021,1334,2529,Vinhos de mesa
1768,Taiwan (Formosa),2021,1313,8153,Vinhos de mesa
1769,Tanzânia,2021,0,0,Vinhos de mesa
1770,"Tcheca, República",2021,456,5988,Vinhos de mesa
1771,Togo,2021,1890,2012,Vinhos de mesa
1772,Toquelau,2021,0,0,Vinhos de mesa
1773,Trinidade Tobago,2021,0,0,Vinhos de mesa
1774,Tunísia,2021,0,0,Vinhos de mesa
1775,Turquia,2021,343,878,Vinhos de mesa
1776,Tuvalu,2021,0,0,Vinhos de mesa
1777,Uruguai,2021,136774,149842,Vinhos de mesa
1778,Vanuatu,2021,0,0,Vinhos de mesa
1779,Venezuela,2021,26415,35944,Vinhos de mesa
1780,Vietnã,2021,0,0,Vinhos de mesa
1781,Afeganistão,2022,0,0,Vinhos de mesa
1782,África do Sul,2022,0,0,Vinhos de mesa
1783,"Alemanha, República Democrática",2022,7630,45367,Vinhos de mesa
1784,Angola,2022,4068,4761,Vinhos de mesa
1785,Anguilla,2022,0,0,Vinhos de mesa
1786,Antígua e Barbuda,2022,419,1866,Vinhos de mesa
1787,Antilhas Holandesas,2022,0,0,Vinhos de mesa
1788,Arábia Saudita,2022,0,0,Vinhos de mesa
1789,Argentina,2022,480,3232,Vinhos de mesa
1790,Aruba,2022,0,0,Vinhos de mesa
1791,Austrália,2022,1424,12299,Vinhos de mesa
1792,Áustria,2022,6,212,Vinhos de mesa
1793,Bahamas,2022,1215,5799,Vinhos de mesa
1794,Bangladesh,2022,7,84,Vinhos de mesa
1795,Barbados,2022,220,1145,Vinhos de mesa
1796,Barein,2022,979,2789,Vinhos de mesa
1797,Bélgica,2022,828,6145,Vinhos de mesa
1798,Belice,2022,0,0,Vinhos de mesa
1799,Benin,2022,0,0,Vinhos de mesa
1800,Bermudas,2022,0,0,Vinhos de mesa
1801,Bolívia,2022,32530,49011,Vinhos de mesa
1802,Bósnia-Herzegovina,2022,0,0,Vinhos de mesa
1803,Brasil,2022,2504,952,Vinhos de mesa
1804,Bulgária,2022,5,31,Vinhos de mesa
1805,Cabo Verde,2022,0,0,Vinhos de mesa
1806,Camarões,2022,0,0,Vinhos de mesa
1807,Canadá,2022,1183,5784,Vinhos de mesa
1808,Catar,2022,0,0,Vinhos de mesa
1809,"Cayman, Ilhas",2022,160,958,Vinhos de mesa
1810,Chile,2022,2094,7986,Vinhos de mesa
1811,China,2022,105395,404647,Vinhos de mesa
1812,Chipre,2022,1521,4458,Vinhos de mesa
1813,Cingapura,2022,0,0,Vinhos de mesa
1814,"Cocos (Keeling), Ilhas",2022,26,60,Vinhos de mesa
1815,Colômbia,2022,8217,14068,Vinhos de mesa
1816,Comores,2022,0,0,Vinhos de mesa
1817,Congo,2022,0,0,Vinhos de mesa
1818,"Coreia, Republica Sul",2022,77,257,Vinhos de mesa
1819,Costa do Marfim,2022,0,0,Vinhos de mesa
1820,Costa Rica,2022,0,0,Vinhos de mesa
1821,Croácia,2022,34,484,Vinhos de mesa
1822,Cuba,2022,16,6,Vinhos de mesa
1823,Curaçao,2022,40673,66950,Vinhos de mesa
1824,Dinamarca,2022,2,6,Vinhos de mesa
1825,Dominica,2022,1485,2223,Vinhos de mesa
1826,El Salvador,2022,0,0,Vinhos de mesa
1827,Emirados Arabes Unidos,2022,4781,85465,Vinhos de mesa
1828,Equador,2022,135,210,Vinhos de mesa
1829,"Eslovaca, Republica",2022,0,0,Vinhos de mesa
1830,Espanha,2022,0,0,Vinhos de mesa
1831,Estados Unidos,2022,220373,447893,Vinhos de mesa
1832,Estônia,2022,0,0,Vinhos de mesa
1833,Filipinas,2022,375,790,Vinhos de mesa
1834,Finlândia,2022,0,0,Vinhos de mesa
1835,França,2022,5694,25008,Vinhos de mesa
1836,Gana,2022,35949,49304,Vinhos de mesa
1837,Gibraltar,2022,0,0,Vinhos de mesa
1838,Granada,2022,5610,7914,Vinhos de mesa
1839,Grécia,2022,920,2426,Vinhos de mesa
1840,Guatemala,2022,1283,5350,Vinhos de mesa
1841,Guiana,2022,2064,5823,Vinhos de mesa
1842,Guiana Francesa,2022,22,18,Vinhos de mesa
1843,Guine Bissau,2022,0,0,Vinhos de mesa
1844,Guine Equatorial,2022,0,0,Vinhos de mesa
1845,Haiti,2022,553503,741014,Vinhos de mesa
1846,Honduras,2022,0,0,Vinhos de mesa
1847,Hong Kong,2022,9371,38218,Vinhos de mesa
1848,Hungria,2022,0,0,Vinhos de mesa
1849,Ilha de Man,2022,165,641,Vinhos de mesa
1850,Ilhas Virgens,2022,0,0,Vinhos de mesa
1851,India,2022,247,1021,Vinhos de mesa
1852,Indonésia,2022,0,0,Vinhos de mesa
1853,Irã,2022,47,90,Vinhos de mesa
1854,Iraque,2022,0,0,Vinhos de mesa
1855,Irlanda,2022,0,0,Vinhos de mesa
1856,Itália,2022,1129,6151,Vinhos de mesa
1857,Jamaica,2022,0,0,Vinhos de mesa
1858,Japão,2022,37324,82208,Vinhos de mesa
1859,Jordânia,2022,0,0,Vinhos de mesa
1860,Letônia,2022,0,0,Vinhos de mesa
1861,Líbano,2022,0,0,Vinhos de mesa
1862,Libéria,2022,9145,34815,Vinhos de mesa
1863,Luxemburgo,2022,36,802,Vinhos de mesa
1864,Macau,2022,0,0,Vinhos de mesa
1865,Malásia,2022,0,0,Vinhos de mesa
1866,Malavi,2022,0,0,Vinhos de mesa
1867,Malta,2022,3127,15587,Vinhos de mesa
1868,"Marshall, Ilhas",2022,7240,27178,Vinhos de mesa
1869,Martinica,2022,0,0,Vinhos de mesa
1870,Mauritânia,2022,0,0,Vinhos de mesa
1871,México,2022,6,33,Vinhos de mesa
1872,Moçambique,2022,383,1927,Vinhos de mesa
1873,Montenegro,2022,0,0,Vinhos de mesa
1874,Namíbia,2022,0,0,Vinhos de mesa
1875,Nicarágua,2022,0,0,Vinhos de mesa
1876,Nigéria,2022,32234,50283,Vinhos de mesa
1877,Noruega,2022,2711,40316,Vinhos de mesa
1878,Nova Caledônia,2022,0,0,Vinhos de mesa
1879,Nova Zelândia,2022,63,156,Vinhos de mesa
1880,Omã,2022,194,670,Vinhos de mesa
1881,Países Baixos,2022,7034,37240,Vinhos de mesa
1882,Palau,2022,0,0,Vinhos de mesa
1883,Panamá,2022,11490,49392,Vinhos de mesa
1884,Paraguai,2022,5076670,7156293,Vinhos de mesa
1885,Peru,2022,0,0,Vinhos de mesa
1886,Pitcairn,2022,0,0,Vinhos de mesa
1887,Polônia,2022,0,0,Vinhos de mesa
1888,Porto Rico,2022,0,0,Vinhos de mesa
1889,Portugal,2022,1918,7613,Vinhos de mesa
1890,Quênia,2022,1440,2080,Vinhos de mesa
1891,Reino Unido,2022,18835,138154,Vinhos de mesa
1892,República Dominicana,2022,0,0,Vinhos de mesa
1893,Rússia,2022,66046,118618,Vinhos de mesa
1894,São Cristóvão e Névis,2022,0,0,Vinhos de mesa
1895,São Tomé e Príncipe,2022,0,0,Vinhos de mesa
1896,São Vicente e Granadinas,2022,20,51,Vinhos de mesa
1897,Senegal,2022,0,0,Vinhos de mesa
1898,Serra Leoa,2022,8101,15182,Vinhos de mesa
1899,Singapura,2022,4322,15434,Vinhos de mesa
1900,Suazilândia,2022,0,0,Vinhos de mesa
1901,Suécia,2022,5,18,Vinhos de mesa
1902,Suíça,2022,1584,20863,Vinhos de mesa
1903,Suriname,2022,1225,3360,Vinhos de mesa
1904,Tailândia,2022,432,1713,Vinhos de mesa
1905,Taiwan (Formosa),2022,25,277,Vinhos de mesa
1906,Tanzânia,2022,0,0,Vinhos de mesa
1907,"Tcheca, República",2022,1305,9997,Vinhos de mesa
1908,Togo,2022,17317,25608,Vinhos de mesa
1909,Toquelau,2022,0,0,Vinhos de mesa
1910,Trinidade Tobago,2022,0,0,Vinhos de mesa
1911,Tunísia,2022,0,0,Vinhos de mesa
1912,Turquia,2022,418,503,Vinhos de mesa
1913,Tuvalu,2022,0,0,Vinhos de mesa
1914,Uruguai,2022,637117,997367,Vinhos de mesa
1915,Vanuatu,2022,0,0,Vinhos de mesa
1916,Venezuela,2022,23220,32351,Vinhos de mesa
1917,Vietnã,2022,130,277,Vinhos de mesa
1918,Afeganistão,2023,0,0,Vinhos de mesa
1919,África do Sul,2023,117,698,Vinhos de mesa
1920,"Alemanha, República Democrática",2023,4806,31853,Vinhos de mesa
1921,Angola,2023,0,0,Vinhos de mesa
1922,Anguilla,2023,0,0,Vinhos de mesa
1923,Antígua e Barbuda,2023,383,1848,Vinhos de mesa
1924,Antilhas Holandesas,2023,0,0,Vinhos de mesa
1925,Arábia Saudita,2023,124,142,Vinhos de mesa
1926,Argentina,2023,4545,36133,Vinhos de mesa
1927,Aruba,2023,0,0,Vinhos de mesa
1928,Austrália,2023,2485,13565,Vinhos de mesa
1929,Áustria,2023,0,0,Vinhos de mesa
1930,Bahamas,2023,1348,7402,Vinhos de mesa
1931,Bangladesh,2023,0,0,Vinhos de mesa
1932,Barbados,2023,58,303,Vinhos de mesa
1933,Barein,2023,283,1684,Vinhos de mesa
1934,Bélgica,2023,95,683,Vinhos de mesa
1935,Belice,2023,0,0,Vinhos de mesa
1936,Benin,2023,0,0,Vinhos de mesa
1937,Bermudas,2023,16,153,Vinhos de mesa
1938,Bolívia,2023,21926,36950,Vinhos de mesa
1939,Bósnia-Herzegovina,2023,0,0,Vinhos de mesa
1940,Brasil,2023,0,0,Vinhos de mesa
1941,Bulgária,2023,0,0,Vinhos de mesa
1942,Cabo Verde,2023,0,0,Vinhos de mesa
1943,Camarões,2023,0,0,Vinhos de mesa
1944,Canadá,2023,11539,42179,Vinhos de mesa
1945,Catar,2023,5,18,Vinhos de mesa
1946,"Cayman, Ilhas",2023,438,2632,Vinhos de mesa
1947,Chile,2023,9,63,Vinhos de mesa
1948,China,2023,73917,183096,Vinhos de mesa
1949,Chipre,2023,524,2995,Vinhos de mesa
1950,Cingapura,2023,0,0,Vinhos de mesa
1951,"Cocos (Keeling), Ilhas",2023,0,0,Vinhos de mesa
1952,Colômbia,2023,450,1259,Vinhos de mesa
1953,Comores,2023,0,0,Vinhos de mesa
1954,Congo,2023,17100,26600,Vinhos de mesa
1955,"Coreia, Republica Sul",2023,25,171,Vinhos de mesa
1956,Costa do Marfim,2023,0,0,Vinhos de mesa
1957,Costa Rica,2023,0,0,Vinhos de mesa
1958,Croácia,2023,0,0,Vinhos de mesa
1959,Cuba,2023,0,0,Vinhos de mesa
1960,Curaçao,2023,25135,40807,Vinhos de mesa
1961,Dinamarca,2023,1734,15261,Vinhos de mesa
1962,Dominica,2023,0,0,Vinhos de mesa
1963,El Salvador,2023,0,0,Vinhos de mesa
1964,Emirados Arabes Unidos,2023,1417,6762,Vinhos de mesa
1965,Equador,2023,2790,4392,Vinhos de mesa
1966,"Eslovaca, Republica",2023,0,0,Vinhos de mesa
1967,Espanha,2023,180,4171,Vinhos de mesa
1968,Estados Unidos,2023,229839,429091,Vinhos de mesa
1969,Estônia,2023,0,0,Vinhos de mesa
1970,Filipinas,2023,94,334,Vinhos de mesa
1971,Finlândia,2023,5,11,Vinhos de mesa
1972,França,2023,2265,14722,Vinhos de mesa
1973,Gana,2023,7237,29473,Vinhos de mesa
1974,Gibraltar,2023,0,0,Vinhos de mesa
1975,Granada,2023,0,0,Vinhos de mesa
1976,Grécia,2023,1294,3214,Vinhos de mesa
1977,Guatemala,2023,2053,3758,Vinhos de mesa
1978,Guiana,2023,33651,88715,Vinhos de mesa
1979,Guiana Francesa,2023,0,0,Vinhos de mesa
1980,Guine Bissau,2023,0,0,Vinhos de mesa
1981,Guine Equatorial,2023,0,0,Vinhos de mesa
1982,Haiti,2023,559645,871661,Vinhos de mesa
1983,Honduras,2023,0,0,Vinhos de mesa
1984,Hong Kong,2023,16255,71025,Vinhos de mesa
1985,Hungria,2023,0,0,Vinhos de mesa
1986,Ilha de Man,2023,1428,4533,Vinhos de mesa
1987,Ilhas Virgens,2023,0,0,Vinhos de mesa
1988,India,2023,60,170,Vinhos de mesa
1989,Indonésia,2023,9,30,Vinhos de mesa
1990,Irã,2023,0,0,Vinhos de mesa
1991,Iraque,2023,0,0,Vinhos de mesa
1992,Irlanda,2023,150,377,Vinhos de mesa
1993,Itália,2023,2922,27665,Vinhos de mesa
1994,Jamaica,2023,0,0,Vinhos de mesa
1995,Japão,2023,22942,57780,Vinhos de mesa
1996,Jordânia,2023,0,0,Vinhos de mesa
1997,Letônia,2023,8,8,Vinhos de mesa
1998,Líbano,2023,0,0,Vinhos de mesa
1999,Libéria,2023,39784,42463,Vinhos de mesa
2000,Luxemburgo,2023,581,7048,Vinhos de mesa
2001,Macau,2023,7,6,Vinhos de mesa
2002,Malásia,2023,0,0,Vinhos de mesa
2003,Malavi,2023,3660,6252,Vinhos de mesa
2004,Malta,2023,6561,24199,Vinhos de mesa
2005,"Marshall, Ilhas",2023,7417,31691,Vinhos de mesa
2006,Martinica,2023,9,31,Vinhos de mesa
2007,Mauritânia,2023,0,0,Vinhos de mesa
2008,México,2023,3,19,Vinhos de mesa
2009,Moçambique,2023,0,0,Vinhos de mesa
2010,Montenegro,2023,0,0,Vinhos de mesa
2011,Namíbia,2023,0,0,Vinhos de mesa
2012,Nicarágua,2023,0,0,Vinhos de mesa
2013,Nigéria,2023,10800,16464,Vinhos de mesa
2014,Noruega,2023,861,4243,Vinhos de mesa
2015,Nova Caledônia,2023,0,0,Vinhos de mesa
2016,Nova Zelândia,2023,338,7177,Vinhos de mesa
2017,Omã,2023,0,0,Vinhos de mesa
2018,Países Baixos,2023,2244,4958,Vinhos de mesa
2019,Palau,2023,45,143,Vinhos de mesa
2020,Panamá,2023,14785,68173,Vinhos de mesa
2021,Paraguai,2023,3780378,5517263,Vinhos de mesa
2022,Peru,2023,47277,84282,Vinhos de mesa
2023,Pitcairn,2023,11,22,Vinhos de mesa
2024,Polônia,2023,298,590,Vinhos de mesa
2025,Porto Rico,2023,0,0,Vinhos de mesa
2026,Portugal,2023,13742,46311,Vinhos de mesa
2027,Quênia,2023,0,0,Vinhos de mesa
2028,Reino Unido,2023,11326,84547,Vinhos de mesa
2029,República Dominicana,2023,0,0,Vinhos de mesa
2030,Rússia,2023,0,0,Vinhos de mesa
2031,São Cristóvão e Névis,2023,16,31,Vinhos de mesa
2032,São Tomé e Príncipe,2023,0,0,Vinhos de mesa
2033,São Vicente e Granadinas,2023,39,139,Vinhos de mesa
2034,Senegal,2023,0,0,Vinhos de mesa
2035,Serra Leoa,2023,23200,38548,Vinhos de mesa
2036,Singapura,2023,3941,19781,Vinhos de mesa
2037,Suazilândia,2023,0,0,Vinhos de mesa
2038,Suécia,2023,0,0,Vinhos de mesa
2039,Suíça,2023,2500,28763,Vinhos de mesa
2040,Suriname,2023,3105,5235,Vinhos de mesa
2041,Tailândia,2023,189,1387,Vinhos de mesa
2042,Taiwan (Formosa),2023,4208,19998,Vinhos de mesa
2043,Tanzânia,2023,0,0,Vinhos de mesa
2044,"Tcheca, República",2023,405,3348,Vinhos de mesa
2045,Togo,2023,14550,25235,Vinhos de mesa
2046,Toquelau,2023,3,10,Vinhos de mesa
2047,Trinidade Tobago,2023,0,0,Vinhos de mesa
2048,Tunísia,2023,0,0,Vinhos de mesa
2049,Turquia,2023,28104,95421,Vinhos de mesa
2050,Tuvalu,2023,0,0,Vinhos de mesa
2051,Uruguai,2023,326093,454271,Vinhos de mesa
2052,Vanuatu,2023,0,0,Vinhos de mesa
2053,Venezuela,2023,141030,220512,Vinhos de mesa
2054,Vietnã,2023,72,128,Vinhos de mesa
